
RiscArchive_v2.elf:     file format elf32-littleriscv


Disassembly of section .init:

00000000 <InterruptVector>:
void InterruptVectorDefault()  __attribute__((naked)) __attribute((section(".init")));


void InterruptVectorDefault()
{
	asm volatile( "\n\
   0:	13c0006f          	j	13c <handle_reset>
   4:	0000                	unimp
   6:	0000                	unimp
   8:	01b0                	addi	a2,sp,200
   a:	0000                	unimp
   c:	01ae                	slli	gp,gp,0xb
	...
  2e:	0000                	unimp
  30:	15e2                	slli	a1,a1,0x38
  32:	0000                	unimp
  34:	0000                	unimp
  36:	0000                	unimp
  38:	01ae                	slli	gp,gp,0xb
  3a:	0000                	unimp
  3c:	0000                	unimp
  3e:	0000                	unimp
  40:	01ae                	slli	gp,gp,0xb
  42:	0000                	unimp
  44:	01ae                	slli	gp,gp,0xb
  46:	0000                	unimp
  48:	01ae                	slli	gp,gp,0xb
  4a:	0000                	unimp
  4c:	01ae                	slli	gp,gp,0xb
  4e:	0000                	unimp
  50:	1954                	addi	a3,sp,180
  52:	0000                	unimp
  54:	01ae                	slli	gp,gp,0xb
  56:	0000                	unimp
  58:	01ae                	slli	gp,gp,0xb
  5a:	0000                	unimp
  5c:	01ae                	slli	gp,gp,0xb
  5e:	0000                	unimp
  60:	01ae                	slli	gp,gp,0xb
  62:	0000                	unimp
  64:	01ae                	slli	gp,gp,0xb
  66:	0000                	unimp
  68:	01ae                	slli	gp,gp,0xb
  6a:	0000                	unimp
  6c:	01ae                	slli	gp,gp,0xb
  6e:	0000                	unimp
  70:	01ae                	slli	gp,gp,0xb
  72:	0000                	unimp
  74:	01ae                	slli	gp,gp,0xb
  76:	0000                	unimp
  78:	01ae                	slli	gp,gp,0xb
  7a:	0000                	unimp
  7c:	01ae                	slli	gp,gp,0xb
  7e:	0000                	unimp
  80:	01ae                	slli	gp,gp,0xb
  82:	0000                	unimp
  84:	01ae                	slli	gp,gp,0xb
  86:	0000                	unimp
  88:	01ae                	slli	gp,gp,0xb
  8a:	0000                	unimp
  8c:	01ae                	slli	gp,gp,0xb
  8e:	0000                	unimp
  90:	01ae                	slli	gp,gp,0xb
  92:	0000                	unimp
  94:	01ae                	slli	gp,gp,0xb
  96:	0000                	unimp
  98:	01ae                	slli	gp,gp,0xb
  9a:	0000                	unimp
  9c:	0000                	unimp
	...

Disassembly of section .text:

000000a0 <DelaySysTick>:
}
#endif

void DelaySysTick( uint32_t n )
{
	uint32_t targend = SysTick->CNT + n;
      a0:	e000f7b7          	lui	a5,0xe000f
      a4:	479c                	lw	a5,8(a5)
	while( ((int32_t)( SysTick->CNT - targend )) < 0 );
      a6:	e000f737          	lui	a4,0xe000f
	uint32_t targend = SysTick->CNT + n;
      aa:	953e                	add	a0,a0,a5
	while( ((int32_t)( SysTick->CNT - targend )) < 0 );
      ac:	471c                	lw	a5,8(a4)
      ae:	8f89                	sub	a5,a5,a0
      b0:	fe07cee3          	bltz	a5,ac <DelaySysTick+0xc>
}
      b4:	8082                	ret

000000b6 <settone>:
}

//음계 세팅(T/4[us] = f[hz]*1000000/4 , 크기(PWM, 0~255), 재생시간[ms])
void settone(uint16_t mmdy, uint8_t mvolume, uint32_t mcount)
{
    if (mmdy == 0)
      b6:	ed01                	bnez	a0,ce <settone+0x18>
    {
        mdycount = mdy = volume = toneseq = 0;
      b8:	82018123          	sb	zero,-2014(gp) # 20000022 <toneseq>
      bc:	80018fa3          	sb	zero,-2017(gp) # 2000001f <volume>
      c0:	82019023          	sh	zero,-2016(gp) # 20000020 <mdy>
      c4:	8201aa23          	sw	zero,-1996(gp) # 20000034 <mdycount>
    }
    mdycount = mmdy;
    mdy = mmdy / 4;
    volume = mvolume;
    toneseq = 1;
    count = mcount;
      c8:	82c1ae23          	sw	a2,-1988(gp) # 2000003c <count>
}
      cc:	8082                	ret
    mdycount = mmdy;
      ce:	82a1aa23          	sw	a0,-1996(gp) # 20000034 <mdycount>
    volume = mvolume;
      d2:	80b18fa3          	sb	a1,-2017(gp) # 2000001f <volume>
    mdy = mmdy / 4;
      d6:	8109                	srli	a0,a0,0x2
    toneseq = 1;
      d8:	4685                	li	a3,1
    mdy = mmdy / 4;
      da:	82a19023          	sh	a0,-2016(gp) # 20000020 <mdy>
    toneseq = 1;
      de:	82d18123          	sb	a3,-2014(gp) # 20000022 <toneseq>
      e2:	b7dd                	j	c8 <settone+0x12>

000000e4 <usb_setup>:
#define LOCAL_CONCAT(A, B) A##B
#define LOCAL_EXP(A, B) LOCAL_CONCAT(A,B)

void usb_setup()
{
	rv003usb_internal_data.se0_windup = 0;
      e4:	8401ac23          	sw	zero,-1960(gp) # 20000058 <rv003usb_internal_data+0x18>

	// Enable GPIOs, TIMERs
	RCC->APB2PCENR |= LOCAL_EXP( RCC_APB2Periph_GPIO, USB_PORT ) | RCC_APB2Periph_AFIO;
      e8:	40021737          	lui	a4,0x40021
      ec:	4f1c                	lw	a5,24(a4)
#endif


	// GPIO D3 for input pin change.
	LOCAL_EXP( GPIO, USB_PORT )->CFGLR = 
		( LOCAL_EXP( GPIO, USB_PORT )->CFGLR & 
      ee:	ff0016b7          	lui	a3,0xff001
      f2:	16fd                	addi	a3,a3,-1
	RCC->APB2PCENR |= LOCAL_EXP( RCC_APB2Periph_GPIO, USB_PORT ) | RCC_APB2Periph_AFIO;
      f4:	0217e793          	ori	a5,a5,33
      f8:	cf1c                	sw	a5,24(a4)
		( LOCAL_EXP( GPIO, USB_PORT )->CFGLR & 
      fa:	40011737          	lui	a4,0x40011
      fe:	40072783          	lw	a5,1024(a4) # 40011400 <__global_pointer$+0x20010c00>
     102:	40070613          	addi	a2,a4,1024
     106:	8ff5                	and	a5,a5,a3
			(~( ( ( 0xf << (USB_DM*4)) | ( 0xf << (USB_DPU*4)) | ( 0xf << (USB_DP*4)) ) )) )
		 |
		(GPIO_Speed_In | GPIO_CNF_IN_PUPD)<<(4*USB_DM) | 
		(GPIO_Speed_In | GPIO_CNF_IN_PUPD)<<(4*USB_DP) |
     108:	003886b7          	lui	a3,0x388
     10c:	8fd5                	or	a5,a5,a3
	LOCAL_EXP( GPIO, USB_PORT )->CFGLR = 
     10e:	40f72023          	sw	a5,1024(a4)
		(GPIO_Speed_50MHz | GPIO_CNF_OUT_PP)<<(4*USB_DPU);

	int port_id = (((intptr_t)LOCAL_EXP( GPIO, USB_PORT )-(intptr_t)GPIOA)>>10);
	// Configure the IO as an interrupt.
	AFIO->EXTICR = (port_id)<<(USB_DP*2); //PORTD.3 (3 out front says PORTD, 3 in back says 3)
     112:	400107b7          	lui	a5,0x40010
     116:	30000713          	li	a4,768
     11a:	c798                	sw	a4,8(a5)
	EXTI->INTENR = 1<<USB_DP; // Enable EXT3
     11c:	4741                	li	a4,16
     11e:	40e7a023          	sw	a4,1024(a5) # 40010400 <__global_pointer$+0x2000fc00>
     122:	40078693          	addi	a3,a5,1024
	EXTI->FTENR = 1<<USB_DP;  // Rising edge trigger
     126:	c6d8                	sw	a4,12(a3)

	// This drive pull-up high, which will tell the host that we are going on-bus.
	LOCAL_EXP( GPIO, USB_PORT )->BSHR = 1<<USB_DPU;
     128:	02000793          	li	a5,32
     12c:	ca1c                	sw	a5,16(a2)
 *
 * @return  none
 */
RV_STATIC_INLINE void NVIC_EnableIRQ(IRQn_Type IRQn)
{
  NVIC->IENR[((uint32_t)(IRQn) >> 5)] = (1 << ((uint32_t)(IRQn) & 0x1F));
     12e:	00100737          	lui	a4,0x100
     132:	e000e7b7          	lui	a5,0xe000e
     136:	10e7a023          	sw	a4,256(a5) # e000e100 <__global_pointer$+0xc000d900>

	// enable interrupt
	NVIC_EnableIRQ( EXTI7_0_IRQn );
}
     13a:	8082                	ret

0000013c <handle_reset>:
	asm volatile( "\n\
     13c:	20000197          	auipc	gp,0x20000
     140:	6c418193          	addi	gp,gp,1732 # 20000800 <__global_pointer$>
     144:	00018113          	mv	sp,gp
     148:	08000513          	li	a0,128
     14c:	30051073          	csrw	mstatus,a0
     150:	468d                	li	a3,3
     152:	00000517          	auipc	a0,0x0
     156:	eae50513          	addi	a0,a0,-338 # 0 <InterruptVector>
     15a:	8d55                	or	a0,a0,a3
     15c:	30551073          	csrw	mtvec,a0
asm volatile(
     160:	80818513          	addi	a0,gp,-2040 # 20000008 <last_key2>
     164:	8bc18593          	addi	a1,gp,-1860 # 200000bc <_ebss>
     168:	4601                	li	a2,0
     16a:	00b55663          	bge	a0,a1,176 <handle_reset+0x3a>
     16e:	c110                	sw	a2,0(a0)
     170:	0511                	addi	a0,a0,4
     172:	feb54ee3          	blt	a0,a1,16e <handle_reset+0x32>
     176:	00002517          	auipc	a0,0x2
     17a:	1ce50513          	addi	a0,a0,462 # 2344 <_data_lma>
     17e:	20000597          	auipc	a1,0x20000
     182:	e8258593          	addi	a1,a1,-382 # 20000000 <DEF_VOL>
     186:	80818613          	addi	a2,gp,-2040 # 20000008 <last_key2>
     18a:	00c58863          	beq	a1,a2,19a <handle_reset+0x5e>
     18e:	4114                	lw	a3,0(a0)
     190:	c194                	sw	a3,0(a1)
     192:	0511                	addi	a0,a0,4
     194:	0591                	addi	a1,a1,4
     196:	fec59ae3          	bne	a1,a2,18a <handle_reset+0x4e>
	SysTick->CTLR = 5;
     19a:	e000f7b7          	lui	a5,0xe000f
     19e:	4715                	li	a4,5
     1a0:	c398                	sw	a4,0(a5)
asm volatile(
     1a2:	21600793          	li	a5,534
     1a6:	34179073          	csrw	mepc,a5
     1aa:	30200073          	mret

000001ae <ADC1_IRQHandler>:
	asm volatile( "1: j 1b" );
     1ae:	a001                	j	1ae <ADC1_IRQHandler>

000001b0 <NMI_Handler>:
	RCC->INTR |= RCC_CSSC;	// clear the clock security int flag
     1b0:	40021737          	lui	a4,0x40021
     1b4:	471c                	lw	a5,8(a4)
     1b6:	008006b7          	lui	a3,0x800
     1ba:	8fd5                	or	a5,a5,a3
     1bc:	c71c                	sw	a5,8(a4)

000001be <SystemInit>:
#define BASE_CTLR	(((FUNCONF_HSITRIM) << 3) | RCC_HSION | HSEBYP | RCC_CSS)
//#define BASE_CTLR	(((FUNCONF_HSITRIM) << 3) | HSEBYP | RCC_CSS)	// disable HSI in HSE modes

#if defined(FUNCONF_USE_HSI) && FUNCONF_USE_HSI
	#if defined(FUNCONF_USE_PLL) && FUNCONF_USE_PLL
		RCC->CFGR0 = RCC_HPRE_DIV1 | RCC_PLLSRC_HSI_Mul2;
     1be:	400217b7          	lui	a5,0x40021
		RCC->CTLR  = BASE_CTLR | RCC_HSION | RCC_PLLON; 			// Use HSI, enable PLL.
     1c2:	01080737          	lui	a4,0x1080
		RCC->CFGR0 = RCC_HPRE_DIV1 | RCC_PLLSRC_HSI_Mul2;
     1c6:	0007a223          	sw	zero,4(a5) # 40021004 <__global_pointer$+0x20020804>
		RCC->CTLR  = BASE_CTLR | RCC_HSION | RCC_PLLON; 			// Use HSI, enable PLL.
     1ca:	08170713          	addi	a4,a4,129 # 1080081 <rv003usb.c.9262a2f3+0x107c983>
     1ce:	c398                	sw	a4,0(a5)
		RCC->CTLR = BASE_CTLR | RCC_HSEON | RCC_PLLON;				// start PLL
	#endif
#endif

#if FUNCONF_SYSTEM_CORE_CLOCK > 25000000
	FLASH->ACTLR = FLASH_ACTLR_LATENCY_1;                   		//+1 Cycle Latency
     1d0:	4685                	li	a3,1
     1d2:	40022737          	lui	a4,0x40022
     1d6:	c314                	sw	a3,0(a4)
#else
	FLASH->ACTLR = FLASH_ACTLR_LATENCY_0;                   		// +0 Cycle Latency
#endif

	RCC->INTR  = 0x009F0000;                               			// Clear PLL, CSSC, HSE, HSI and LSI ready flags.
     1d8:	009f0737          	lui	a4,0x9f0
     1dc:	c798                	sw	a4,8(a5)

#if defined(FUNCONF_USE_PLL) && FUNCONF_USE_PLL
	while((RCC->CTLR & RCC_PLLRDY) == 0);                       	// Wait till PLL is ready
     1de:	020006b7          	lui	a3,0x2000
     1e2:	40021737          	lui	a4,0x40021
     1e6:	431c                	lw	a5,0(a4)
     1e8:	8ff5                	and	a5,a5,a3
     1ea:	dff5                	beqz	a5,1e6 <SystemInit+0x28>
	uint32_t tmp32 = RCC->CFGR0 & ~(0x03);							// clr the SW
     1ec:	435c                	lw	a5,4(a4)
	RCC->CFGR0 = tmp32 | RCC_SW_PLL;                       			// Select PLL as system clock source
	while ((RCC->CFGR0 & (uint32_t)RCC_SWS) != (uint32_t)0x08); 	// Wait till PLL is used as system clock source
     1ee:	400216b7          	lui	a3,0x40021
	uint32_t tmp32 = RCC->CFGR0 & ~(0x03);							// clr the SW
     1f2:	9bf1                	andi	a5,a5,-4
	RCC->CFGR0 = tmp32 | RCC_SW_PLL;                       			// Select PLL as system clock source
     1f4:	0027e793          	ori	a5,a5,2
     1f8:	c35c                	sw	a5,4(a4)
	while ((RCC->CFGR0 & (uint32_t)RCC_SWS) != (uint32_t)0x08); 	// Wait till PLL is used as system clock source
     1fa:	4721                	li	a4,8
     1fc:	42dc                	lw	a5,4(a3)
     1fe:	8bb1                	andi	a5,a5,12
     200:	fee79ee3          	bne	a5,a4,1fc <SystemInit+0x3e>
	*DMDATA1 = 0x0;
     204:	e00007b7          	lui	a5,0xe0000
     208:	0e07ac23          	sw	zero,248(a5) # e00000f8 <__global_pointer$+0xbffff8f8>
	*DMDATA0 = 0x80;
     20c:	08000713          	li	a4,128
     210:	0ee7aa23          	sw	a4,244(a5)
	SetupUART( UART_BRR );
#endif
#if defined( FUNCONF_USE_DEBUGPRINTF ) && FUNCONF_USE_DEBUGPRINTF
	SetupDebugPrintf();
#endif
}
     214:	8082                	ret

00000216 <main>:
        break;
    }
}

int main()
{
     216:	1111                	addi	sp,sp,-28
     218:	cc06                	sw	ra,24(sp)
     21a:	ca22                	sw	s0,20(sp)
     21c:	c826                	sw	s1,16(sp)
	SystemInit();
	usb_setup();
	GPIO_port_enable(GPIO_port_A);
     21e:	400214b7          	lui	s1,0x40021
	SystemInit();
     222:	3f71                	jal	1be <SystemInit>
	usb_setup();
     224:	35c1                	jal	e4 <usb_setup>
	GPIO_port_enable(GPIO_port_A);
     226:	4c9c                	lw	a5,24(s1)
	GPIO_port_enable(GPIO_port_C);
	GPIO_port_enable(GPIO_port_D);
    GPIO_pinMode(GPIOv_from_PORT_PIN(GPIO_port_C, 1), GPIO_pinMode_O_pushPull, GPIO_Speed_50MHz); //C1핀 OUTPUT(스피커)
     228:	40011437          	lui	s0,0x40011
    GPIO_pinMode(GPIOv_from_PORT_PIN(GPIO_port_D, 2), GPIO_pinMode_O_pushPull, GPIO_Speed_50MHz); //C7핀 OUTPUT(LED_WHITE)
     22c:	777d                	lui	a4,0xfffff
	GPIO_port_enable(GPIO_port_A);
     22e:	0047e793          	ori	a5,a5,4
     232:	cc9c                	sw	a5,24(s1)
	GPIO_port_enable(GPIO_port_C);
     234:	4c9c                	lw	a5,24(s1)
    GPIO_pinMode(GPIOv_from_PORT_PIN(GPIO_port_D, 2), GPIO_pinMode_O_pushPull, GPIO_Speed_50MHz); //C7핀 OUTPUT(LED_WHITE)
     236:	0ff70713          	addi	a4,a4,255 # fffff0ff <__global_pointer$+0xdfffe8ff>
    GPIO_pinMode(GPIOv_from_PORT_PIN(GPIO_port_D, 6), GPIO_pinMode_O_pushPull, GPIO_Speed_50MHz); //D6핀 OUTPUT(LED_BLUE)
     23a:	f1000637          	lui	a2,0xf1000
	GPIO_port_enable(GPIO_port_C);
     23e:	0107e793          	ori	a5,a5,16
     242:	cc9c                	sw	a5,24(s1)
	GPIO_port_enable(GPIO_port_D);
     244:	4c9c                	lw	a5,24(s1)
    GPIO_pinMode(GPIOv_from_PORT_PIN(GPIO_port_D, 6), GPIO_pinMode_O_pushPull, GPIO_Speed_50MHz); //D6핀 OUTPUT(LED_BLUE)
     246:	167d                	addi	a2,a2,-1
    GPIO_pinMode(GPIOv_from_PORT_PIN(GPIO_port_C, 7), GPIO_pinMode_O_pushPull, GPIO_Speed_50MHz); //C7핀 OUTPUT(LED_GREEN)
    GPIO_pinMode(GPIOv_from_PORT_PIN(GPIO_port_A, 1), GPIO_pinMode_I_pullUp, GPIO_Speed_In); //A1핀 INPUT(버튼0), 내장풀업 사용
    GPIO_pinMode(GPIOv_from_PORT_PIN(GPIO_port_C, 2), GPIO_pinMode_I_pullUp, GPIO_Speed_In); //c2핀 INPUT(버튼1), 내장풀업 사용
    GPIO_pinMode(GPIOv_from_PORT_PIN(GPIO_port_C, 3), GPIO_pinMode_I_pullUp, GPIO_Speed_In); //c3핀 INPUT(버튼2), 내장풀업 사용
    
    Delay_Ms(10);
     248:	00075537          	lui	a0,0x75
	GPIO_port_enable(GPIO_port_D);
     24c:	0207e793          	ori	a5,a5,32
     250:	cc9c                	sw	a5,24(s1)
    GPIO_pinMode(GPIOv_from_PORT_PIN(GPIO_port_C, 1), GPIO_pinMode_O_pushPull, GPIO_Speed_50MHz); //C1핀 OUTPUT(스피커)
     252:	401c                	lw	a5,0(s0)
    Delay_Ms(10);
     254:	30050513          	addi	a0,a0,768 # 75300 <rv003usb.c.9262a2f3+0x71c02>
    GPIO_pinMode(GPIOv_from_PORT_PIN(GPIO_port_C, 1), GPIO_pinMode_O_pushPull, GPIO_Speed_50MHz); //C1핀 OUTPUT(스피커)
     258:	f0f7f793          	andi	a5,a5,-241
     25c:	c01c                	sw	a5,0(s0)
     25e:	401c                	lw	a5,0(s0)
     260:	0307e793          	ori	a5,a5,48
     264:	c01c                	sw	a5,0(s0)
    GPIO_pinMode(GPIOv_from_PORT_PIN(GPIO_port_D, 2), GPIO_pinMode_O_pushPull, GPIO_Speed_50MHz); //C7핀 OUTPUT(LED_WHITE)
     266:	40040793          	addi	a5,s0,1024 # 40011400 <__global_pointer$+0x20010c00>
     26a:	4394                	lw	a3,0(a5)
     26c:	8ef9                	and	a3,a3,a4
     26e:	c394                	sw	a3,0(a5)
     270:	4394                	lw	a3,0(a5)
     272:	3006e693          	ori	a3,a3,768
     276:	c394                	sw	a3,0(a5)
    GPIO_pinMode(GPIOv_from_PORT_PIN(GPIO_port_D, 6), GPIO_pinMode_O_pushPull, GPIO_Speed_50MHz); //D6핀 OUTPUT(LED_BLUE)
     278:	4394                	lw	a3,0(a5)
     27a:	8ef1                	and	a3,a3,a2
     27c:	c394                	sw	a3,0(a5)
     27e:	4394                	lw	a3,0(a5)
     280:	03000637          	lui	a2,0x3000
     284:	8ed1                	or	a3,a3,a2
     286:	c394                	sw	a3,0(a5)
    GPIO_pinMode(GPIOv_from_PORT_PIN(GPIO_port_C, 7), GPIO_pinMode_O_pushPull, GPIO_Speed_50MHz); //C7핀 OUTPUT(LED_GREEN)
     288:	401c                	lw	a5,0(s0)
     28a:	300006b7          	lui	a3,0x30000
     28e:	0792                	slli	a5,a5,0x4
     290:	8391                	srli	a5,a5,0x4
     292:	c01c                	sw	a5,0(s0)
     294:	401c                	lw	a5,0(s0)
     296:	8fd5                	or	a5,a5,a3
     298:	c01c                	sw	a5,0(s0)
    GPIO_pinMode(GPIOv_from_PORT_PIN(GPIO_port_A, 1), GPIO_pinMode_I_pullUp, GPIO_Speed_In); //A1핀 INPUT(버튼0), 내장풀업 사용
     29a:	80040793          	addi	a5,s0,-2048
     29e:	4394                	lw	a3,0(a5)
     2a0:	f0f6f693          	andi	a3,a3,-241
     2a4:	c394                	sw	a3,0(a5)
     2a6:	4394                	lw	a3,0(a5)
     2a8:	0806e693          	ori	a3,a3,128
     2ac:	c394                	sw	a3,0(a5)
     2ae:	4689                	li	a3,2
     2b0:	cb94                	sw	a3,16(a5)
    GPIO_pinMode(GPIOv_from_PORT_PIN(GPIO_port_C, 2), GPIO_pinMode_I_pullUp, GPIO_Speed_In); //c2핀 INPUT(버튼1), 내장풀업 사용
     2b2:	401c                	lw	a5,0(s0)
     2b4:	8f7d                	and	a4,a4,a5
     2b6:	c018                	sw	a4,0(s0)
     2b8:	401c                	lw	a5,0(s0)
     2ba:	6705                	lui	a4,0x1
     2bc:	80070713          	addi	a4,a4,-2048 # 800 <main+0x5ea>
     2c0:	8fd9                	or	a5,a5,a4
     2c2:	c01c                	sw	a5,0(s0)
     2c4:	4791                	li	a5,4
     2c6:	c81c                	sw	a5,16(s0)
    GPIO_pinMode(GPIOv_from_PORT_PIN(GPIO_port_C, 3), GPIO_pinMode_I_pullUp, GPIO_Speed_In); //c3핀 INPUT(버튼2), 내장풀업 사용
     2c8:	401c                	lw	a5,0(s0)
     2ca:	7745                	lui	a4,0xffff1
     2cc:	177d                	addi	a4,a4,-1
     2ce:	8ff9                	and	a5,a5,a4
     2d0:	c01c                	sw	a5,0(s0)
     2d2:	401c                	lw	a5,0(s0)
     2d4:	6721                	lui	a4,0x8
     2d6:	8fd9                	or	a5,a5,a4
     2d8:	c01c                	sw	a5,0(s0)
     2da:	47a1                	li	a5,8
     2dc:	c81c                	sw	a5,16(s0)
    Delay_Ms(10);
     2de:	33c9                	jal	a0 <DelaySysTick>
    RCC->APB2PCENR |= RCC_APB2Periph_AFIO | RCC_APB2Periph_GPIOD | RCC_APB2Periph_GPIOC;
     2e0:	4c9c                	lw	a5,24(s1)
    TIM2->ATRLR = 255;
     2e2:	0ff00713          	li	a4,255
    TIM2->CHCTLR1 |= TIM_OC2M_2 | TIM_OC2M_1 | TIM_OC2PE;
     2e6:	669d                	lui	a3,0x7
    RCC->APB2PCENR |= RCC_APB2Periph_AFIO | RCC_APB2Periph_GPIOD | RCC_APB2Periph_GPIOC;
     2e8:	0317e793          	ori	a5,a5,49
     2ec:	cc9c                	sw	a5,24(s1)
    RCC->APB1PCENR |= RCC_APB1Periph_TIM2;
     2ee:	4cdc                	lw	a5,28(s1)
    TIM2->CHCTLR1 |= TIM_OC2M_2 | TIM_OC2M_1 | TIM_OC2PE;
     2f0:	80068693          	addi	a3,a3,-2048 # 6800 <rv003usb.c.9262a2f3+0x3102>

    t2pwm_init(); //PWM(볼륨 셋업)
    //systick_init(); //Tick 인터럽트 셋업

    Delay_Ms(100);
     2f4:	00494537          	lui	a0,0x494
    RCC->APB1PCENR |= RCC_APB1Periph_TIM2;
     2f8:	0017e793          	ori	a5,a5,1
     2fc:	ccdc                	sw	a5,28(s1)
    GPIOC->CFGLR &= ~(0xf << (4 * 1));
     2fe:	401c                	lw	a5,0(s0)
    Delay_Ms(100);
     300:	e0050513          	addi	a0,a0,-512 # 493e00 <rv003usb.c.9262a2f3+0x490702>
    GPIOC->CFGLR &= ~(0xf << (4 * 1));
     304:	f0f7f793          	andi	a5,a5,-241
     308:	c01c                	sw	a5,0(s0)
    GPIOC->CFGLR |= (GPIO_Speed_10MHz | GPIO_CNF_OUT_PP_AF) << (4 * 1);
     30a:	401c                	lw	a5,0(s0)
     30c:	0907e793          	ori	a5,a5,144
     310:	c01c                	sw	a5,0(s0)
    RCC->APB1PRSTR |= RCC_APB1Periph_TIM2;
     312:	489c                	lw	a5,16(s1)
     314:	0017e793          	ori	a5,a5,1
     318:	c89c                	sw	a5,16(s1)
    RCC->APB1PRSTR &= ~RCC_APB1Periph_TIM2;
     31a:	489c                	lw	a5,16(s1)
     31c:	9bf9                	andi	a5,a5,-2
     31e:	c89c                	sw	a5,16(s1)
    TIM2->PSC = 0x0000;
     320:	400007b7          	lui	a5,0x40000
     324:	02079423          	sh	zero,40(a5) # 40000028 <__global_pointer$+0x1ffff828>
    TIM2->ATRLR = 255;
     328:	02e79623          	sh	a4,44(a5)
    TIM2->CHCTLR1 |= TIM_OC1M_2 | TIM_OC1M_1 | TIM_OC1PE;
     32c:	0187d703          	lhu	a4,24(a5)
            GPIO_digitalWrite(GPIOv_from_PORT_PIN(GPIO_port_D, 2), low);
        }
        else
        {
            if (istoneon) Lmemory_seq();
            GPIO_digitalWrite(GPIOv_from_PORT_PIN(GPIO_port_D, 6), low);
     330:	400114b7          	lui	s1,0x40011
    TIM2->CHCTLR1 |= TIM_OC1M_2 | TIM_OC1M_1 | TIM_OC1PE;
     334:	0742                	slli	a4,a4,0x10
     336:	8341                	srli	a4,a4,0x10
     338:	06876713          	ori	a4,a4,104
     33c:	00e79c23          	sh	a4,24(a5)
    TIM2->CHCTLR1 |= TIM_OC2M_2 | TIM_OC2M_1 | TIM_OC2PE;
     340:	0187d703          	lhu	a4,24(a5)
     344:	0742                	slli	a4,a4,0x10
     346:	8341                	srli	a4,a4,0x10
     348:	8f55                	or	a4,a4,a3
     34a:	0742                	slli	a4,a4,0x10
     34c:	8341                	srli	a4,a4,0x10
     34e:	00e79c23          	sh	a4,24(a5)
    TIM2->CTLR1 |= TIM_ARPE;
     352:	0007d703          	lhu	a4,0(a5)
     356:	0742                	slli	a4,a4,0x10
     358:	8341                	srli	a4,a4,0x10
     35a:	08076713          	ori	a4,a4,128
     35e:	00e79023          	sh	a4,0(a5)
    TIM2->CCER |= TIM_CC1E | TIM_CC1P;
     362:	0207d703          	lhu	a4,32(a5)
     366:	0742                	slli	a4,a4,0x10
     368:	8341                	srli	a4,a4,0x10
     36a:	00376713          	ori	a4,a4,3
     36e:	02e79023          	sh	a4,32(a5)
    TIM2->CCER |= TIM_CC2E | TIM_CC2P;
     372:	0207d703          	lhu	a4,32(a5)
     376:	0742                	slli	a4,a4,0x10
     378:	8341                	srli	a4,a4,0x10
     37a:	03076713          	ori	a4,a4,48
     37e:	02e79023          	sh	a4,32(a5)
    TIM2->SWEVGR |= TIM_UG;
     382:	0147d703          	lhu	a4,20(a5)
     386:	0742                	slli	a4,a4,0x10
     388:	8341                	srli	a4,a4,0x10
     38a:	00176713          	ori	a4,a4,1
     38e:	00e79a23          	sh	a4,20(a5)
    TIM2->CTLR1 |= TIM_CEN;
     392:	0007d703          	lhu	a4,0(a5)
     396:	0742                	slli	a4,a4,0x10
     398:	8341                	srli	a4,a4,0x10
     39a:	00176713          	ori	a4,a4,1
     39e:	00e79023          	sh	a4,0(a5)
    AFIO->PCFR1 |= AFIO_PCFR1_TIM2_REMAP_FULLREMAP;
     3a2:	40010737          	lui	a4,0x40010
     3a6:	435c                	lw	a5,4(a4)
     3a8:	3007e793          	ori	a5,a5,768
     3ac:	c35c                	sw	a5,4(a4)
    Delay_Ms(100);
     3ae:	39cd                	jal	a0 <DelaySysTick>
            if (istoneon) Uschool_seq();
     3b0:	8231c783          	lbu	a5,-2013(gp) # 20000023 <istoneon>
     3b4:	c23a                	sw	a4,4(sp)
     3b6:	c03e                	sw	a5,0(sp)
        if (is0Lm1Us)
     3b8:	81e1c683          	lbu	a3,-2018(gp) # 2000001e <is0Lm1Us>
     3bc:	c63e                	sw	a5,12(sp)
            if (istoneon) Uschool_seq();
     3be:	4782                	lw	a5,0(sp)
        if (is0Lm1Us)
     3c0:	e299                	bnez	a3,3c6 <main+0x1b0>
     3c2:	7770006f          	j	1338 <main+0x1122>
            if (istoneon) Uschool_seq();
     3c6:	c3bd                	beqz	a5,42c <main+0x216>
    switch (msel)
     3c8:	8161d783          	lhu	a5,-2026(gp) # 20000016 <msel>
     3cc:	02300713          	li	a4,35
     3d0:	04f76e63          	bltu	a4,a5,42c <main+0x216>
     3d4:	6709                	lui	a4,0x2
     3d6:	d5070713          	addi	a4,a4,-688 # 1d50 <always0+0x4>
     3da:	078a                	slli	a5,a5,0x2
     3dc:	97ba                	add	a5,a5,a4
     3de:	4398                	lw	a4,0(a5)
        if (mdycount == 0 && !count)
     3e0:	8341a783          	lw	a5,-1996(gp) # 20000034 <mdycount>
     3e4:	8702                	jr	a4
        if (mdycount == 0 && !count)
     3e6:	e3b9                	bnez	a5,42c <main+0x216>
     3e8:	83c1a783          	lw	a5,-1988(gp) # 2000003c <count>
     3ec:	e3a1                	bnez	a5,42c <main+0x216>
            settone(Melody[Uschool1[mseq]], DEF_VOL, 100);
     3ee:	8181d783          	lhu	a5,-2024(gp) # 20000018 <mseq>
     3f2:	6709                	lui	a4,0x2
     3f4:	df870713          	addi	a4,a4,-520 # 1df8 <Melody>
     3f8:	00f70633          	add	a2,a4,a5
     3fc:	07c64603          	lbu	a2,124(a2) # 300007c <rv003usb.c.9262a2f3+0x2ffc97e>
     400:	200005b7          	lui	a1,0x20000
     404:	0005c583          	lbu	a1,0(a1) # 20000000 <DEF_VOL>
     408:	0606                	slli	a2,a2,0x1
     40a:	9732                	add	a4,a4,a2
     40c:	00075503          	lhu	a0,0(a4)
     410:	06400613          	li	a2,100
     414:	c43e                	sw	a5,8(sp)
     416:	3145                	jal	b6 <settone>
            mseq++;
     418:	47a2                	lw	a5,8(sp)
            if (mseq == sizeof(Uschool1) / sizeof(Uschool1[0]))
     41a:	02000713          	li	a4,32
            mseq++;
     41e:	0785                	addi	a5,a5,1
     420:	07c2                	slli	a5,a5,0x10
     422:	83c1                	srli	a5,a5,0x10
            if (mseq == sizeof(Uschool1) / sizeof(Uschool1[0]))
     424:	2ae78363          	beq	a5,a4,6ca <main+0x4b4>
            mseq++;
     428:	80f19c23          	sh	a5,-2024(gp) # 20000018 <mseq>
            GPIO_digitalWrite(GPIOv_from_PORT_PIN(GPIO_port_D, 6), high);
     42c:	04000713          	li	a4,64
     430:	40048793          	addi	a5,s1,1024 # 40011400 <__global_pointer$+0x20010c00>
     434:	cb98                	sw	a4,16(a5)
            GPIO_digitalWrite(GPIOv_from_PORT_PIN(GPIO_port_D, 2), low);
     436:	00040737          	lui	a4,0x40
            GPIO_digitalWrite(GPIOv_from_PORT_PIN(GPIO_port_D, 2), high);
     43a:	cb98                	sw	a4,16(a5)
        }

        //0번키 누르고 뗌(멜로디 재생/정지 전환 및 Systick/USB HID 인터럽트 전환)
        if (GPIO_digitalRead(GPIOv_from_PORT_PIN(GPIO_port_A, 1)) && keytime0 < 250000 && kchat00==1 && kchat01==50)
     43c:	80048793          	addi	a5,s1,-2048
     440:	4798                	lw	a4,8(a5)
     442:	c422                	sw	s0,8(sp)
     444:	8b09                	andi	a4,a4,2
     446:	8301a603          	lw	a2,-2000(gp) # 20000030 <keytime0>
     44a:	cf5d                	beqz	a4,508 <main+0x2f2>
     44c:	0003d737          	lui	a4,0x3d
     450:	08f70713          	addi	a4,a4,143 # 3d08f <rv003usb.c.9262a2f3+0x39991>
     454:	0ac76a63          	bltu	a4,a2,508 <main+0x2f2>
     458:	81c1d583          	lhu	a1,-2020(gp) # 2000001c <kchat00>
     45c:	4705                	li	a4,1
     45e:	0ae59563          	bne	a1,a4,508 <main+0x2f2>
     462:	81a1d583          	lhu	a1,-2022(gp) # 2000001a <kchat01>
     466:	03200713          	li	a4,50
     46a:	08e59f63          	bne	a1,a4,508 <main+0x2f2>
        {
            istoneon = !istoneon;
     46e:	4782                	lw	a5,0(sp)
     470:	0017b713          	seqz	a4,a5
     474:	4792                	lw	a5,4(sp)
     476:	82e181a3          	sb	a4,-2013(gp) # 20000023 <istoneon>
            if(istoneon)
     47a:	4782                	lw	a5,0(sp)
     47c:	c399                	beqz	a5,482 <main+0x26c>
     47e:	0bc0106f          	j	153a <main+0x1324>
 *
 * @return  none
 */
RV_STATIC_INLINE void NVIC_DisableIRQ(IRQn_Type IRQn)
{
  NVIC->IRER[((uint32_t)(IRQn) >> 5)] = (1 << ((uint32_t)(IRQn) & 0x1F));
     482:	e000e537          	lui	a0,0xe000e
     486:	00100737          	lui	a4,0x100
     48a:	18e52023          	sw	a4,384(a0) # e000e180 <__global_pointer$+0xc000d980>
            {
                NVIC_DisableIRQ( EXTI7_0_IRQn );
                GPIO_pinMode(GPIOv_from_PORT_PIN(GPIO_port_D, 5), GPIO_pinMode_I_floating, GPIO_Speed_In); 
     48e:	4004a703          	lw	a4,1024(s1)
     492:	ff1005b7          	lui	a1,0xff100
     496:	15fd                	addi	a1,a1,-1
     498:	8f6d                	and	a4,a4,a1
     49a:	40e4a023          	sw	a4,1024(s1)
     49e:	4004a703          	lw	a4,1024(s1)
     4a2:	004005b7          	lui	a1,0x400
     4a6:	8f4d                	or	a4,a4,a1
     4a8:	40e4a023          	sw	a4,1024(s1)
                GPIO_pinMode(GPIOv_from_PORT_PIN(GPIO_port_D, 4), GPIO_pinMode_I_floating, GPIO_Speed_In); 
     4ac:	4004a703          	lw	a4,1024(s1)
     4b0:	fff105b7          	lui	a1,0xfff10
     4b4:	15fd                	addi	a1,a1,-1
     4b6:	8f6d                	and	a4,a4,a1
     4b8:	40e4a023          	sw	a4,1024(s1)
     4bc:	4004a703          	lw	a4,1024(s1)
     4c0:	000405b7          	lui	a1,0x40
     4c4:	8f4d                	or	a4,a4,a1
     4c6:	40e4a023          	sw	a4,1024(s1)
                GPIO_pinMode(GPIOv_from_PORT_PIN(GPIO_port_D, 3), GPIO_pinMode_I_floating, GPIO_Speed_In); 
     4ca:	4004a703          	lw	a4,1024(s1)
     4ce:	75c5                	lui	a1,0xffff1
     4d0:	15fd                	addi	a1,a1,-1
     4d2:	8f6d                	and	a4,a4,a1
     4d4:	40e4a023          	sw	a4,1024(s1)
     4d8:	4004a703          	lw	a4,1024(s1)
     4dc:	6591                	lui	a1,0x4
     4de:	8f4d                	or	a4,a4,a1
     4e0:	40e4a023          	sw	a4,1024(s1)
    SysTick->CTLR = 0;
     4e4:	e000f737          	lui	a4,0xe000f
     4e8:	00072023          	sw	zero,0(a4) # e000f000 <__global_pointer$+0xc000e800>
  NVIC->IENR[((uint32_t)(IRQn) >> 5)] = (1 << ((uint32_t)(IRQn) & 0x1F));
     4ec:	6585                	lui	a1,0x1
     4ee:	10b52023          	sw	a1,256(a0)
    SysTick->CMP = (48 * 4) - 1;
     4f2:	0bf00593          	li	a1,191
     4f6:	cb0c                	sw	a1,16(a4)
    SysTick->CNT = 0;
     4f8:	00072423          	sw	zero,8(a4)
    SysTick->CTLR = SYSTICK_CTLR_STE | SYSTICK_CTLR_STIE | SYSTICK_CTLR_STCLK;
     4fc:	459d                	li	a1,7
     4fe:	c30c                	sw	a1,0(a4)
            else
            {
                NVIC_DisableIRQ(SysTicK_IRQn);
                usb_setup();
            }
            kchat00=0;
     500:	80019e23          	sh	zero,-2020(gp) # 2000001c <kchat00>
            kchat01=0;
     504:	80019d23          	sh	zero,-2022(gp) # 2000001a <kchat01>
        }
        //0번키 2초 이상 누름, 멜로디 재생중일때는 볼륨조절, 정지 중일때는 멜로디곡 전환(및 아래 코드에서 Systick 인터럽트로 전환된것을 USB HID 인터럽트로 재전환)
        if (!GPIO_digitalRead(GPIOv_from_PORT_PIN(GPIO_port_A, 1)) && keytime0 == 250000)
     508:	80048713          	addi	a4,s1,-2048
     50c:	4718                	lw	a4,8(a4)
        {
            if (istoneon)
     50e:	4792                	lw	a5,4(sp)
        if (!GPIO_digitalRead(GPIOv_from_PORT_PIN(GPIO_port_A, 1)) && keytime0 == 250000)
     510:	8b09                	andi	a4,a4,2
            if (istoneon)
     512:	8231c583          	lbu	a1,-2013(gp) # 20000023 <istoneon>
        if (!GPIO_digitalRead(GPIOv_from_PORT_PIN(GPIO_port_A, 1)) && keytime0 == 250000)
     516:	eb39                	bnez	a4,56c <main+0x356>
     518:	0003d737          	lui	a4,0x3d
     51c:	09070713          	addi	a4,a4,144 # 3d090 <rv003usb.c.9262a2f3+0x39992>
     520:	04e61663          	bne	a2,a4,56c <main+0x356>
            if (istoneon)
     524:	e199                	bnez	a1,52a <main+0x314>
     526:	0600106f          	j	1586 <main+0x1370>
            {
                switch (DEF_VOL)
     52a:	20000737          	lui	a4,0x20000
     52e:	00074603          	lbu	a2,0(a4) # 20000000 <DEF_VOL>
     532:	0c800513          	li	a0,200
     536:	00a61463          	bne	a2,a0,53e <main+0x328>
     53a:	0460106f          	j	1580 <main+0x136a>
     53e:	00c57463          	bgeu	a0,a2,546 <main+0x330>
     542:	00e0106f          	j	1550 <main+0x133a>
     546:	09600513          	li	a0,150
     54a:	00a61463          	bne	a2,a0,552 <main+0x33c>
     54e:	0260106f          	j	1574 <main+0x135e>
     552:	0b400513          	li	a0,180
     556:	00a61463          	bne	a2,a0,55e <main+0x348>
     55a:	0200106f          	j	157a <main+0x1364>
                msel=toneseq=mdy=mdycount=count=mseq=0;
                Delay_Ms(500);
                NVIC_DisableIRQ(SysTicK_IRQn);
                usb_setup();
            }
            keytime0++;
     55e:	47a2                	lw	a5,8(sp)
     560:	0003d737          	lui	a4,0x3d
     564:	09170713          	addi	a4,a4,145 # 3d091 <rv003usb.c.9262a2f3+0x39993>
     568:	82e1a823          	sw	a4,-2000(gp) # 20000030 <keytime0>
        }

        //1번이나 2번키 눌렸을때 USB HID 인터럽트로 전환
        if((!GPIO_digitalRead(GPIOv_from_PORT_PIN(GPIO_port_C, 2)) || !GPIO_digitalRead(GPIOv_from_PORT_PIN(GPIO_port_C, 3))) && istoneon)
     56c:	4498                	lw	a4,8(s1)
     56e:	8b11                	andi	a4,a4,4
     570:	c701                	beqz	a4,578 <main+0x362>
     572:	4498                	lw	a4,8(s1)
     574:	8b21                	andi	a4,a4,8
     576:	eb19                	bnez	a4,58c <main+0x376>
     578:	c991                	beqz	a1,58c <main+0x376>
  NVIC->IRER[((uint32_t)(IRQn) >> 5)] = (1 << ((uint32_t)(IRQn) & 0x1F));
     57a:	e000e737          	lui	a4,0xe000e
     57e:	6605                	lui	a2,0x1
     580:	18c72023          	sw	a2,384(a4) # e000e180 <__global_pointer$+0xc000d980>
        {
            NVIC_DisableIRQ(SysTicK_IRQn);
            usb_setup();
     584:	3685                	jal	e4 <usb_setup>
            istoneon=0;
     586:	4792                	lw	a5,4(sp)
     588:	820181a3          	sb	zero,-2013(gp) # 20000023 <istoneon>
        }
        //0번 키 상승채터링 방지
		if(!GPIO_digitalRead(GPIOv_from_PORT_PIN(GPIO_port_A, 1))) kchat00=300;
     58c:	80048713          	addi	a4,s1,-2048
     590:	4718                	lw	a4,8(a4)
     592:	8b09                	andi	a4,a4,2
     594:	e709                	bnez	a4,59e <main+0x388>
     596:	12c00713          	li	a4,300
     59a:	80e19e23          	sh	a4,-2020(gp) # 2000001c <kchat00>
        if(kchat00>1 && GPIO_digitalRead(GPIOv_from_PORT_PIN(GPIO_port_A, 1))) kchat00--;
     59e:	81c1d703          	lhu	a4,-2020(gp) # 2000001c <kchat00>
     5a2:	4605                	li	a2,1
     5a4:	00e67a63          	bgeu	a2,a4,5b8 <main+0x3a2>
     5a8:	80048613          	addi	a2,s1,-2048
     5ac:	4610                	lw	a2,8(a2)
     5ae:	8a09                	andi	a2,a2,2
     5b0:	c601                	beqz	a2,5b8 <main+0x3a2>
     5b2:	177d                	addi	a4,a4,-1
     5b4:	80e19e23          	sh	a4,-2020(gp) # 2000001c <kchat00>
        //0번 키 하강채터링 방지
        if(!GPIO_digitalRead(GPIOv_from_PORT_PIN(GPIO_port_A, 1))) kchat01=kchat01<50?kchat01+1:kchat01;
     5b8:	80048713          	addi	a4,s1,-2048
     5bc:	4710                	lw	a2,8(a4)
     5be:	81a1d703          	lhu	a4,-2022(gp) # 2000001a <kchat01>
     5c2:	8a09                	andi	a2,a2,2
     5c4:	c219                	beqz	a2,5ca <main+0x3b4>
     5c6:	0080106f          	j	15ce <main+0x13b8>
     5ca:	03100613          	li	a2,49
     5ce:	00e66563          	bltu	a2,a4,5d8 <main+0x3c2>
     5d2:	0705                	addi	a4,a4,1
     5d4:	0742                	slli	a4,a4,0x10
     5d6:	8341                	srli	a4,a4,0x10
     5d8:	80e19d23          	sh	a4,-2022(gp) # 2000001a <kchat01>
        else if(kchat01<50) kchat01=0;
        if(keytime0 >= 250000) kchat01=0;
     5dc:	47a2                	lw	a5,8(sp)
     5de:	0003d737          	lui	a4,0x3d
     5e2:	08f70713          	addi	a4,a4,143 # 3d08f <rv003usb.c.9262a2f3+0x39991>
     5e6:	8301a603          	lw	a2,-2000(gp) # 20000030 <keytime0>
     5ea:	00c77463          	bgeu	a4,a2,5f2 <main+0x3dc>
     5ee:	80019d23          	sh	zero,-2022(gp) # 2000001a <kchat01>

        //푸쉬버튼 스위치 0번 2초 이상 누르고 뗌(상승트리거), 상승채터링 및 키 눌림 지속시간 초기화
        if (GPIO_digitalRead(GPIOv_from_PORT_PIN(GPIO_port_A, 1)) && keytime0 == 250001 && kchat00==1)
     5f2:	80048713          	addi	a4,s1,-2048
     5f6:	4718                	lw	a4,8(a4)
     5f8:	8b09                	andi	a4,a4,2
     5fa:	c30d                	beqz	a4,61c <main+0x406>
     5fc:	0003d737          	lui	a4,0x3d
     600:	09170713          	addi	a4,a4,145 # 3d091 <rv003usb.c.9262a2f3+0x39993>
     604:	00e61c63          	bne	a2,a4,61c <main+0x406>
     608:	81c1d683          	lhu	a3,-2020(gp) # 2000001c <kchat00>
     60c:	4705                	li	a4,1
     60e:	00e69763          	bne	a3,a4,61c <main+0x406>
        {
            keytime0=0;
     612:	47a2                	lw	a5,8(sp)
            kchat00=0;
     614:	80019e23          	sh	zero,-2020(gp) # 2000001c <kchat00>
            keytime0=0;
     618:	8201a823          	sw	zero,-2000(gp) # 20000030 <keytime0>
        }
        //푸쉬버튼 스위치 0번이 멜로디 정지 상태에서 하강트리거일 때 Systick 인터럽트로 전환
        if (!GPIO_digitalRead(GPIOv_from_PORT_PIN(GPIO_port_A, 1)) && !last_key0)
     61c:	80048793          	addi	a5,s1,-2048
     620:	479c                	lw	a5,8(a5)
     622:	8b89                	andi	a5,a5,2
     624:	ebc9                	bnez	a5,6b6 <main+0x4a0>
        {
            if(!istoneon)
     626:	4792                	lw	a5,4(sp)
     628:	8141c683          	lbu	a3,-2028(gp) # 20000014 <last_key0>
     62c:	8231c783          	lbu	a5,-2013(gp) # 20000023 <istoneon>
     630:	8fd5                	or	a5,a5,a3
     632:	0ff7f793          	andi	a5,a5,255
     636:	e3c1                	bnez	a5,6b6 <main+0x4a0>
     638:	e000e637          	lui	a2,0xe000e
     63c:	001007b7          	lui	a5,0x100
     640:	18f62023          	sw	a5,384(a2) # e000e180 <__global_pointer$+0xc000d980>
            {
                NVIC_DisableIRQ( EXTI7_0_IRQn );
                GPIO_pinMode(GPIOv_from_PORT_PIN(GPIO_port_D, 5), GPIO_pinMode_I_floating, GPIO_Speed_In); 
     644:	4004a783          	lw	a5,1024(s1)
     648:	ff1006b7          	lui	a3,0xff100
     64c:	16fd                	addi	a3,a3,-1
     64e:	8ff5                	and	a5,a5,a3
     650:	40f4a023          	sw	a5,1024(s1)
     654:	4004a783          	lw	a5,1024(s1)
     658:	004006b7          	lui	a3,0x400
     65c:	8fd5                	or	a5,a5,a3
     65e:	40f4a023          	sw	a5,1024(s1)
                GPIO_pinMode(GPIOv_from_PORT_PIN(GPIO_port_D, 4), GPIO_pinMode_I_floating, GPIO_Speed_In); 
     662:	4004a783          	lw	a5,1024(s1)
     666:	fff106b7          	lui	a3,0xfff10
     66a:	16fd                	addi	a3,a3,-1
     66c:	8ff5                	and	a5,a5,a3
     66e:	40f4a023          	sw	a5,1024(s1)
     672:	4004a783          	lw	a5,1024(s1)
     676:	000406b7          	lui	a3,0x40
     67a:	8fd5                	or	a5,a5,a3
     67c:	40f4a023          	sw	a5,1024(s1)
                GPIO_pinMode(GPIOv_from_PORT_PIN(GPIO_port_D, 3), GPIO_pinMode_I_floating, GPIO_Speed_In); 
     680:	4004a783          	lw	a5,1024(s1)
     684:	76c5                	lui	a3,0xffff1
     686:	16fd                	addi	a3,a3,-1
     688:	8ff5                	and	a5,a5,a3
     68a:	40f4a023          	sw	a5,1024(s1)
     68e:	4004a783          	lw	a5,1024(s1)
     692:	6691                	lui	a3,0x4
     694:	8fd5                	or	a5,a5,a3
     696:	40f4a023          	sw	a5,1024(s1)
    SysTick->CTLR = 0;
     69a:	e000f7b7          	lui	a5,0xe000f
     69e:	0007a023          	sw	zero,0(a5) # e000f000 <__global_pointer$+0xc000e800>
  NVIC->IENR[((uint32_t)(IRQn) >> 5)] = (1 << ((uint32_t)(IRQn) & 0x1F));
     6a2:	6685                	lui	a3,0x1
     6a4:	10d62023          	sw	a3,256(a2)
    SysTick->CMP = (48 * 4) - 1;
     6a8:	0bf00693          	li	a3,191
     6ac:	cb94                	sw	a3,16(a5)
    SysTick->CNT = 0;
     6ae:	0007a423          	sw	zero,8(a5)
    SysTick->CTLR = SYSTICK_CTLR_STE | SYSTICK_CTLR_STIE | SYSTICK_CTLR_STCLK;
     6b2:	469d                	li	a3,7
     6b4:	c394                	sw	a3,0(a5)
                systick_init();
            }
        }
        //이전에 눌린 키 저장(0번)
        last_key0 = !GPIO_digitalRead(GPIOv_from_PORT_PIN(GPIO_port_A, 1));
     6b6:	80048793          	addi	a5,s1,-2048
     6ba:	479c                	lw	a5,8(a5)
     6bc:	8385                	srli	a5,a5,0x1
     6be:	fff7c793          	not	a5,a5
     6c2:	8b85                	andi	a5,a5,1
     6c4:	80f18a23          	sb	a5,-2028(gp) # 20000014 <last_key0>
	while(1)
     6c8:	b1e5                	j	3b0 <main+0x19a>
                msel++;
     6ca:	4785                	li	a5,1
                mseq = 0;
     6cc:	80019c23          	sh	zero,-2024(gp) # 20000018 <mseq>
                msel++;
     6d0:	80f19b23          	sh	a5,-2026(gp) # 20000016 <msel>
     6d4:	bba1                	j	42c <main+0x216>
        if (mdycount == 0 && !count)
     6d6:	d4079be3          	bnez	a5,42c <main+0x216>
     6da:	83c1a783          	lw	a5,-1988(gp) # 2000003c <count>
     6de:	d40797e3          	bnez	a5,42c <main+0x216>
            settone(Melody[Uschool2[mseq]], DEF_VOL, 200);
     6e2:	8181d783          	lhu	a5,-2024(gp) # 20000018 <mseq>
     6e6:	6709                	lui	a4,0x2
     6e8:	df870713          	addi	a4,a4,-520 # 1df8 <Melody>
     6ec:	00f70633          	add	a2,a4,a5
     6f0:	09c64603          	lbu	a2,156(a2)
     6f4:	200005b7          	lui	a1,0x20000
     6f8:	0005c583          	lbu	a1,0(a1) # 20000000 <DEF_VOL>
     6fc:	0606                	slli	a2,a2,0x1
     6fe:	9732                	add	a4,a4,a2
     700:	00075503          	lhu	a0,0(a4)
     704:	0c800613          	li	a2,200
     708:	c43e                	sw	a5,8(sp)
     70a:	3275                	jal	b6 <settone>
            mseq++;
     70c:	47a2                	lw	a5,8(sp)
            if (mseq == sizeof(Uschool2) / sizeof(Uschool2[0]))
     70e:	4741                	li	a4,16
            mseq++;
     710:	0785                	addi	a5,a5,1
     712:	07c2                	slli	a5,a5,0x10
     714:	83c1                	srli	a5,a5,0x10
            if (mseq == sizeof(Uschool2) / sizeof(Uschool2[0]))
     716:	00e78563          	beq	a5,a4,720 <main+0x50a>
            mseq++;
     71a:	80f19c23          	sh	a5,-2024(gp) # 20000018 <mseq>
     71e:	b339                	j	42c <main+0x216>
                msel++;
     720:	4789                	li	a5,2
                mseq = 0;
     722:	80019c23          	sh	zero,-2024(gp) # 20000018 <mseq>
                msel++;
     726:	80f19b23          	sh	a5,-2026(gp) # 20000016 <msel>
     72a:	b309                	j	42c <main+0x216>
        if (mdycount == 0 && !count)
     72c:	d00790e3          	bnez	a5,42c <main+0x216>
     730:	83c1a783          	lw	a5,-1988(gp) # 2000003c <count>
     734:	ce079ce3          	bnez	a5,42c <main+0x216>
            settone(Melody[Uschool1[mseq]], DEF_VOL, 100);
     738:	8181d783          	lhu	a5,-2024(gp) # 20000018 <mseq>
     73c:	6709                	lui	a4,0x2
     73e:	df870713          	addi	a4,a4,-520 # 1df8 <Melody>
     742:	00f70633          	add	a2,a4,a5
     746:	07c64603          	lbu	a2,124(a2)
     74a:	200005b7          	lui	a1,0x20000
     74e:	0005c583          	lbu	a1,0(a1) # 20000000 <DEF_VOL>
     752:	0606                	slli	a2,a2,0x1
     754:	9732                	add	a4,a4,a2
     756:	00075503          	lhu	a0,0(a4)
     75a:	06400613          	li	a2,100
     75e:	c43e                	sw	a5,8(sp)
     760:	3a99                	jal	b6 <settone>
            mseq++;
     762:	47a2                	lw	a5,8(sp)
            if (mseq == sizeof(Uschool1) / sizeof(Uschool1[0]))
     764:	02000713          	li	a4,32
            mseq++;
     768:	0785                	addi	a5,a5,1
     76a:	07c2                	slli	a5,a5,0x10
     76c:	83c1                	srli	a5,a5,0x10
            if (mseq == sizeof(Uschool1) / sizeof(Uschool1[0]))
     76e:	00e78563          	beq	a5,a4,778 <main+0x562>
            mseq++;
     772:	80f19c23          	sh	a5,-2024(gp) # 20000018 <mseq>
     776:	b95d                	j	42c <main+0x216>
                msel++;
     778:	478d                	li	a5,3
                mseq = 0;
     77a:	80019c23          	sh	zero,-2024(gp) # 20000018 <mseq>
                msel++;
     77e:	80f19b23          	sh	a5,-2026(gp) # 20000016 <msel>
     782:	b16d                	j	42c <main+0x216>
        if (mdycount == 0 && !count)
     784:	ca0794e3          	bnez	a5,42c <main+0x216>
     788:	83c1a783          	lw	a5,-1988(gp) # 2000003c <count>
     78c:	ca0790e3          	bnez	a5,42c <main+0x216>
            settone(Melody[Uschool3[mseq]], DEF_VOL, 100);
     790:	8181d783          	lhu	a5,-2024(gp) # 20000018 <mseq>
     794:	6709                	lui	a4,0x2
     796:	df870713          	addi	a4,a4,-520 # 1df8 <Melody>
     79a:	00f70633          	add	a2,a4,a5
     79e:	0ac64603          	lbu	a2,172(a2)
     7a2:	200005b7          	lui	a1,0x20000
     7a6:	0005c583          	lbu	a1,0(a1) # 20000000 <DEF_VOL>
     7aa:	0606                	slli	a2,a2,0x1
     7ac:	9732                	add	a4,a4,a2
     7ae:	00075503          	lhu	a0,0(a4)
     7b2:	06400613          	li	a2,100
     7b6:	c43e                	sw	a5,8(sp)
     7b8:	38fd                	jal	b6 <settone>
            mseq++;
     7ba:	47a2                	lw	a5,8(sp)
            if (mseq == sizeof(Uschool3) / sizeof(Uschool3[0]))
     7bc:	02000713          	li	a4,32
            mseq++;
     7c0:	0785                	addi	a5,a5,1
     7c2:	07c2                	slli	a5,a5,0x10
     7c4:	83c1                	srli	a5,a5,0x10
            if (mseq == sizeof(Uschool3) / sizeof(Uschool3[0]))
     7c6:	00e78563          	beq	a5,a4,7d0 <main+0x5ba>
            mseq++;
     7ca:	80f19c23          	sh	a5,-2024(gp) # 20000018 <mseq>
     7ce:	b9b9                	j	42c <main+0x216>
                msel++;
     7d0:	4791                	li	a5,4
                mseq = 0;
     7d2:	80019c23          	sh	zero,-2024(gp) # 20000018 <mseq>
                msel++;
     7d6:	80f19b23          	sh	a5,-2026(gp) # 20000016 <msel>
     7da:	b989                	j	42c <main+0x216>
        if (mdycount == 0 && !count)
     7dc:	c40798e3          	bnez	a5,42c <main+0x216>
     7e0:	83c1a783          	lw	a5,-1988(gp) # 2000003c <count>
     7e4:	c40794e3          	bnez	a5,42c <main+0x216>
            settone(Melody[Uschool1[mseq]], DEF_VOL, 100);
     7e8:	8181d783          	lhu	a5,-2024(gp) # 20000018 <mseq>
     7ec:	6709                	lui	a4,0x2
     7ee:	df870713          	addi	a4,a4,-520 # 1df8 <Melody>
     7f2:	00f70633          	add	a2,a4,a5
     7f6:	07c64603          	lbu	a2,124(a2)
     7fa:	200005b7          	lui	a1,0x20000
     7fe:	0005c583          	lbu	a1,0(a1) # 20000000 <DEF_VOL>
     802:	0606                	slli	a2,a2,0x1
     804:	9732                	add	a4,a4,a2
     806:	00075503          	lhu	a0,0(a4)
     80a:	06400613          	li	a2,100
     80e:	c43e                	sw	a5,8(sp)
     810:	305d                	jal	b6 <settone>
            mseq++;
     812:	47a2                	lw	a5,8(sp)
            if (mseq == sizeof(Uschool1) / sizeof(Uschool1[0]))
     814:	02000713          	li	a4,32
            mseq++;
     818:	0785                	addi	a5,a5,1
     81a:	07c2                	slli	a5,a5,0x10
     81c:	83c1                	srli	a5,a5,0x10
            if (mseq == sizeof(Uschool1) / sizeof(Uschool1[0]))
     81e:	00e78563          	beq	a5,a4,828 <main+0x612>
            mseq++;
     822:	80f19c23          	sh	a5,-2024(gp) # 20000018 <mseq>
     826:	b119                	j	42c <main+0x216>
                msel++;
     828:	4795                	li	a5,5
                mseq = 0;
     82a:	80019c23          	sh	zero,-2024(gp) # 20000018 <mseq>
                msel++;
     82e:	80f19b23          	sh	a5,-2026(gp) # 20000016 <msel>
     832:	beed                	j	42c <main+0x216>
        if (mdycount == 0 && !count)
     834:	be079ce3          	bnez	a5,42c <main+0x216>
     838:	83c1a783          	lw	a5,-1988(gp) # 2000003c <count>
     83c:	be0798e3          	bnez	a5,42c <main+0x216>
            settone(Melody[Uschool2[mseq]], DEF_VOL, 200);
     840:	8181d783          	lhu	a5,-2024(gp) # 20000018 <mseq>
     844:	6709                	lui	a4,0x2
     846:	df870713          	addi	a4,a4,-520 # 1df8 <Melody>
     84a:	00f70633          	add	a2,a4,a5
     84e:	09c64603          	lbu	a2,156(a2)
     852:	200005b7          	lui	a1,0x20000
     856:	0005c583          	lbu	a1,0(a1) # 20000000 <DEF_VOL>
     85a:	0606                	slli	a2,a2,0x1
     85c:	9732                	add	a4,a4,a2
     85e:	00075503          	lhu	a0,0(a4)
     862:	0c800613          	li	a2,200
     866:	c43e                	sw	a5,8(sp)
     868:	30b9                	jal	b6 <settone>
            mseq++;
     86a:	47a2                	lw	a5,8(sp)
            if (mseq == sizeof(Uschool2) / sizeof(Uschool2[0]))
     86c:	4741                	li	a4,16
            mseq++;
     86e:	0785                	addi	a5,a5,1
     870:	07c2                	slli	a5,a5,0x10
     872:	83c1                	srli	a5,a5,0x10
            if (mseq == sizeof(Uschool2) / sizeof(Uschool2[0]))
     874:	00e78563          	beq	a5,a4,87e <main+0x668>
            mseq++;
     878:	80f19c23          	sh	a5,-2024(gp) # 20000018 <mseq>
     87c:	be45                	j	42c <main+0x216>
                msel++;
     87e:	4799                	li	a5,6
                mseq = 0;
     880:	80019c23          	sh	zero,-2024(gp) # 20000018 <mseq>
                msel++;
     884:	80f19b23          	sh	a5,-2026(gp) # 20000016 <msel>
     888:	b655                	j	42c <main+0x216>
        if (mdycount == 0 && !count)
     88a:	ba0791e3          	bnez	a5,42c <main+0x216>
     88e:	83c1a783          	lw	a5,-1988(gp) # 2000003c <count>
     892:	b8079de3          	bnez	a5,42c <main+0x216>
            settone(Melody[Uschool1[mseq]], DEF_VOL, 100);
     896:	8181d783          	lhu	a5,-2024(gp) # 20000018 <mseq>
     89a:	6709                	lui	a4,0x2
     89c:	df870713          	addi	a4,a4,-520 # 1df8 <Melody>
     8a0:	00f70633          	add	a2,a4,a5
     8a4:	07c64603          	lbu	a2,124(a2)
     8a8:	200005b7          	lui	a1,0x20000
     8ac:	0005c583          	lbu	a1,0(a1) # 20000000 <DEF_VOL>
     8b0:	0606                	slli	a2,a2,0x1
     8b2:	9732                	add	a4,a4,a2
     8b4:	00075503          	lhu	a0,0(a4)
     8b8:	06400613          	li	a2,100
     8bc:	c43e                	sw	a5,8(sp)
     8be:	ff8ff0ef          	jal	ra,b6 <settone>
            mseq++;
     8c2:	47a2                	lw	a5,8(sp)
            if (mseq == sizeof(Uschool1) / sizeof(Uschool1[0]))
     8c4:	02000713          	li	a4,32
            mseq++;
     8c8:	0785                	addi	a5,a5,1
     8ca:	07c2                	slli	a5,a5,0x10
     8cc:	83c1                	srli	a5,a5,0x10
            if (mseq == sizeof(Uschool1) / sizeof(Uschool1[0]))
     8ce:	00e78563          	beq	a5,a4,8d8 <main+0x6c2>
            mseq++;
     8d2:	80f19c23          	sh	a5,-2024(gp) # 20000018 <mseq>
     8d6:	be99                	j	42c <main+0x216>
                msel++;
     8d8:	479d                	li	a5,7
                mseq = 0;
     8da:	80019c23          	sh	zero,-2024(gp) # 20000018 <mseq>
                msel++;
     8de:	80f19b23          	sh	a5,-2026(gp) # 20000016 <msel>
     8e2:	b6a9                	j	42c <main+0x216>
        if (mdycount == 0 && !count)
     8e4:	b40794e3          	bnez	a5,42c <main+0x216>
     8e8:	83c1a783          	lw	a5,-1988(gp) # 2000003c <count>
     8ec:	b40790e3          	bnez	a5,42c <main+0x216>
            settone(Melody[Uschool3[mseq]], DEF_VOL, 100);
     8f0:	8181d783          	lhu	a5,-2024(gp) # 20000018 <mseq>
     8f4:	6709                	lui	a4,0x2
     8f6:	df870713          	addi	a4,a4,-520 # 1df8 <Melody>
     8fa:	00f70633          	add	a2,a4,a5
     8fe:	0ac64603          	lbu	a2,172(a2)
     902:	200005b7          	lui	a1,0x20000
     906:	0005c583          	lbu	a1,0(a1) # 20000000 <DEF_VOL>
     90a:	0606                	slli	a2,a2,0x1
     90c:	9732                	add	a4,a4,a2
     90e:	00075503          	lhu	a0,0(a4)
     912:	06400613          	li	a2,100
     916:	c43e                	sw	a5,8(sp)
     918:	f9eff0ef          	jal	ra,b6 <settone>
            mseq++;
     91c:	47a2                	lw	a5,8(sp)
            if (mseq == sizeof(Uschool3) / sizeof(Uschool3[0]))
     91e:	02000713          	li	a4,32
            mseq++;
     922:	0785                	addi	a5,a5,1
     924:	07c2                	slli	a5,a5,0x10
     926:	83c1                	srli	a5,a5,0x10
            if (mseq == sizeof(Uschool3) / sizeof(Uschool3[0]))
     928:	00e78563          	beq	a5,a4,932 <main+0x71c>
            mseq++;
     92c:	80f19c23          	sh	a5,-2024(gp) # 20000018 <mseq>
     930:	bcf5                	j	42c <main+0x216>
                msel++;
     932:	47a1                	li	a5,8
                mseq = 0;
     934:	80019c23          	sh	zero,-2024(gp) # 20000018 <mseq>
                msel++;
     938:	80f19b23          	sh	a5,-2026(gp) # 20000016 <msel>
     93c:	bcc5                	j	42c <main+0x216>
        if (mdycount == 0 && !count)
     93e:	ae0797e3          	bnez	a5,42c <main+0x216>
     942:	83c1a783          	lw	a5,-1988(gp) # 2000003c <count>
     946:	ae0793e3          	bnez	a5,42c <main+0x216>
            settone(Melody[Uschool1[mseq]], DEF_VOL, 100);
     94a:	8181d783          	lhu	a5,-2024(gp) # 20000018 <mseq>
     94e:	6709                	lui	a4,0x2
     950:	df870713          	addi	a4,a4,-520 # 1df8 <Melody>
     954:	00f70633          	add	a2,a4,a5
     958:	07c64603          	lbu	a2,124(a2)
     95c:	200005b7          	lui	a1,0x20000
     960:	0005c583          	lbu	a1,0(a1) # 20000000 <DEF_VOL>
     964:	0606                	slli	a2,a2,0x1
     966:	9732                	add	a4,a4,a2
     968:	00075503          	lhu	a0,0(a4)
     96c:	06400613          	li	a2,100
     970:	c43e                	sw	a5,8(sp)
     972:	f44ff0ef          	jal	ra,b6 <settone>
            mseq++;
     976:	47a2                	lw	a5,8(sp)
            if (mseq == sizeof(Uschool1) / sizeof(Uschool1[0]))
     978:	02000713          	li	a4,32
            mseq++;
     97c:	0785                	addi	a5,a5,1
     97e:	07c2                	slli	a5,a5,0x10
     980:	83c1                	srli	a5,a5,0x10
            if (mseq == sizeof(Uschool1) / sizeof(Uschool1[0]))
     982:	00e78563          	beq	a5,a4,98c <main+0x776>
            mseq++;
     986:	80f19c23          	sh	a5,-2024(gp) # 20000018 <mseq>
     98a:	b44d                	j	42c <main+0x216>
                msel++;
     98c:	47a5                	li	a5,9
                mseq = 0;
     98e:	80019c23          	sh	zero,-2024(gp) # 20000018 <mseq>
                msel++;
     992:	80f19b23          	sh	a5,-2026(gp) # 20000016 <msel>
     996:	bc59                	j	42c <main+0x216>
        if (mdycount == 0 && !count)
     998:	a8079ae3          	bnez	a5,42c <main+0x216>
     99c:	83c1a783          	lw	a5,-1988(gp) # 2000003c <count>
     9a0:	a80796e3          	bnez	a5,42c <main+0x216>
            settone(Melody[Uschool2[mseq]], DEF_VOL, 200);
     9a4:	8181d783          	lhu	a5,-2024(gp) # 20000018 <mseq>
     9a8:	6709                	lui	a4,0x2
     9aa:	df870713          	addi	a4,a4,-520 # 1df8 <Melody>
     9ae:	00f70633          	add	a2,a4,a5
     9b2:	09c64603          	lbu	a2,156(a2)
     9b6:	200005b7          	lui	a1,0x20000
     9ba:	0005c583          	lbu	a1,0(a1) # 20000000 <DEF_VOL>
     9be:	0606                	slli	a2,a2,0x1
     9c0:	9732                	add	a4,a4,a2
     9c2:	00075503          	lhu	a0,0(a4)
     9c6:	0c800613          	li	a2,200
     9ca:	c43e                	sw	a5,8(sp)
     9cc:	eeaff0ef          	jal	ra,b6 <settone>
            mseq++;
     9d0:	47a2                	lw	a5,8(sp)
            if (mseq == sizeof(Uschool2) / sizeof(Uschool2[0]))
     9d2:	4741                	li	a4,16
            mseq++;
     9d4:	0785                	addi	a5,a5,1
     9d6:	07c2                	slli	a5,a5,0x10
     9d8:	83c1                	srli	a5,a5,0x10
            if (mseq == sizeof(Uschool2) / sizeof(Uschool2[0]))
     9da:	00e78563          	beq	a5,a4,9e4 <main+0x7ce>
            mseq++;
     9de:	80f19c23          	sh	a5,-2024(gp) # 20000018 <mseq>
     9e2:	b4a9                	j	42c <main+0x216>
                msel++;
     9e4:	47a9                	li	a5,10
                mseq = 0;
     9e6:	80019c23          	sh	zero,-2024(gp) # 20000018 <mseq>
                msel++;
     9ea:	80f19b23          	sh	a5,-2026(gp) # 20000016 <msel>
     9ee:	bc3d                	j	42c <main+0x216>
        if (mdycount == 0 && !count)
     9f0:	a2079ee3          	bnez	a5,42c <main+0x216>
     9f4:	83c1a783          	lw	a5,-1988(gp) # 2000003c <count>
     9f8:	a2079ae3          	bnez	a5,42c <main+0x216>
            settone(Melody[Uschool1[mseq]], DEF_VOL, 100);
     9fc:	8181d783          	lhu	a5,-2024(gp) # 20000018 <mseq>
     a00:	6709                	lui	a4,0x2
     a02:	df870713          	addi	a4,a4,-520 # 1df8 <Melody>
     a06:	00f70633          	add	a2,a4,a5
     a0a:	07c64603          	lbu	a2,124(a2)
     a0e:	200005b7          	lui	a1,0x20000
     a12:	0005c583          	lbu	a1,0(a1) # 20000000 <DEF_VOL>
     a16:	0606                	slli	a2,a2,0x1
     a18:	9732                	add	a4,a4,a2
     a1a:	00075503          	lhu	a0,0(a4)
     a1e:	06400613          	li	a2,100
     a22:	c43e                	sw	a5,8(sp)
     a24:	e92ff0ef          	jal	ra,b6 <settone>
            mseq++;
     a28:	47a2                	lw	a5,8(sp)
            if (mseq == sizeof(Uschool1) / sizeof(Uschool1[0]))
     a2a:	02000713          	li	a4,32
            mseq++;
     a2e:	0785                	addi	a5,a5,1
     a30:	07c2                	slli	a5,a5,0x10
     a32:	83c1                	srli	a5,a5,0x10
            if (mseq == sizeof(Uschool1) / sizeof(Uschool1[0]))
     a34:	00e78563          	beq	a5,a4,a3e <main+0x828>
            mseq++;
     a38:	80f19c23          	sh	a5,-2024(gp) # 20000018 <mseq>
     a3c:	bac5                	j	42c <main+0x216>
                msel++;
     a3e:	47ad                	li	a5,11
                mseq = 0;
     a40:	80019c23          	sh	zero,-2024(gp) # 20000018 <mseq>
                msel++;
     a44:	80f19b23          	sh	a5,-2026(gp) # 20000016 <msel>
     a48:	b2d5                	j	42c <main+0x216>
        if (mdycount == 0 && !count)
     a4a:	9e0791e3          	bnez	a5,42c <main+0x216>
     a4e:	83c1a783          	lw	a5,-1988(gp) # 2000003c <count>
     a52:	9c079de3          	bnez	a5,42c <main+0x216>
            settone(Melody[Uschool3[mseq]], DEF_VOL, 100);
     a56:	8181d783          	lhu	a5,-2024(gp) # 20000018 <mseq>
     a5a:	6709                	lui	a4,0x2
     a5c:	df870713          	addi	a4,a4,-520 # 1df8 <Melody>
     a60:	00f70633          	add	a2,a4,a5
     a64:	0ac64603          	lbu	a2,172(a2)
     a68:	200005b7          	lui	a1,0x20000
     a6c:	0005c583          	lbu	a1,0(a1) # 20000000 <DEF_VOL>
     a70:	0606                	slli	a2,a2,0x1
     a72:	9732                	add	a4,a4,a2
     a74:	00075503          	lhu	a0,0(a4)
     a78:	06400613          	li	a2,100
     a7c:	c43e                	sw	a5,8(sp)
     a7e:	e38ff0ef          	jal	ra,b6 <settone>
            mseq++;
     a82:	47a2                	lw	a5,8(sp)
            if (mseq == sizeof(Uschool3) / sizeof(Uschool3[0]))
     a84:	02000713          	li	a4,32
            mseq++;
     a88:	0785                	addi	a5,a5,1
     a8a:	07c2                	slli	a5,a5,0x10
     a8c:	83c1                	srli	a5,a5,0x10
            if (mseq == sizeof(Uschool3) / sizeof(Uschool3[0]))
     a8e:	00e78563          	beq	a5,a4,a98 <main+0x882>
            mseq++;
     a92:	80f19c23          	sh	a5,-2024(gp) # 20000018 <mseq>
     a96:	ba59                	j	42c <main+0x216>
                msel++;
     a98:	47b1                	li	a5,12
                mseq = 0;
     a9a:	80019c23          	sh	zero,-2024(gp) # 20000018 <mseq>
                msel++;
     a9e:	80f19b23          	sh	a5,-2026(gp) # 20000016 <msel>
     aa2:	b269                	j	42c <main+0x216>
        if (mdycount == 0 && !count)
     aa4:	980794e3          	bnez	a5,42c <main+0x216>
     aa8:	83c1a783          	lw	a5,-1988(gp) # 2000003c <count>
     aac:	980790e3          	bnez	a5,42c <main+0x216>
            settone(Melody[Uschool4[mseq]], DEF_VOL, 200);
     ab0:	8181d783          	lhu	a5,-2024(gp) # 20000018 <mseq>
     ab4:	6709                	lui	a4,0x2
     ab6:	df870713          	addi	a4,a4,-520 # 1df8 <Melody>
     aba:	00f70633          	add	a2,a4,a5
     abe:	0cc64603          	lbu	a2,204(a2)
     ac2:	200005b7          	lui	a1,0x20000
     ac6:	0005c583          	lbu	a1,0(a1) # 20000000 <DEF_VOL>
     aca:	0606                	slli	a2,a2,0x1
     acc:	9732                	add	a4,a4,a2
     ace:	00075503          	lhu	a0,0(a4)
     ad2:	0c800613          	li	a2,200
     ad6:	c43e                	sw	a5,8(sp)
     ad8:	ddeff0ef          	jal	ra,b6 <settone>
            mseq++;
     adc:	47a2                	lw	a5,8(sp)
            if (mseq == sizeof(Uschool4) / sizeof(Uschool4[0]))
     ade:	4739                	li	a4,14
            mseq++;
     ae0:	0785                	addi	a5,a5,1
     ae2:	07c2                	slli	a5,a5,0x10
     ae4:	83c1                	srli	a5,a5,0x10
            if (mseq == sizeof(Uschool4) / sizeof(Uschool4[0]))
     ae6:	00e78563          	beq	a5,a4,af0 <main+0x8da>
            mseq++;
     aea:	80f19c23          	sh	a5,-2024(gp) # 20000018 <mseq>
     aee:	ba3d                	j	42c <main+0x216>
                msel++;
     af0:	47b5                	li	a5,13
                mseq = 0;
     af2:	80019c23          	sh	zero,-2024(gp) # 20000018 <mseq>
                msel++;
     af6:	80f19b23          	sh	a5,-2026(gp) # 20000016 <msel>
     afa:	ba0d                	j	42c <main+0x216>
        if (mdycount == 0 && !count)
     afc:	920798e3          	bnez	a5,42c <main+0x216>
     b00:	83c1a783          	lw	a5,-1988(gp) # 2000003c <count>
     b04:	920794e3          	bnez	a5,42c <main+0x216>
            settone(Melody[Uschool5[mseq]], DEF_VOL, 200);
     b08:	8181d783          	lhu	a5,-2024(gp) # 20000018 <mseq>
     b0c:	6709                	lui	a4,0x2
     b0e:	df870713          	addi	a4,a4,-520 # 1df8 <Melody>
     b12:	00f70633          	add	a2,a4,a5
     b16:	0dc64603          	lbu	a2,220(a2)
     b1a:	200005b7          	lui	a1,0x20000
     b1e:	0005c583          	lbu	a1,0(a1) # 20000000 <DEF_VOL>
     b22:	0606                	slli	a2,a2,0x1
     b24:	9732                	add	a4,a4,a2
     b26:	00075503          	lhu	a0,0(a4)
     b2a:	0c800613          	li	a2,200
     b2e:	c43e                	sw	a5,8(sp)
     b30:	d86ff0ef          	jal	ra,b6 <settone>
            mseq++;
     b34:	47a2                	lw	a5,8(sp)
            if (mseq == sizeof(Uschool5) / sizeof(Uschool5[0]))
     b36:	4749                	li	a4,18
            mseq++;
     b38:	0785                	addi	a5,a5,1
     b3a:	07c2                	slli	a5,a5,0x10
     b3c:	83c1                	srli	a5,a5,0x10
            if (mseq == sizeof(Uschool5) / sizeof(Uschool5[0]))
     b3e:	00e78663          	beq	a5,a4,b4a <main+0x934>
            mseq++;
     b42:	80f19c23          	sh	a5,-2024(gp) # 20000018 <mseq>
     b46:	8e7ff06f          	j	42c <main+0x216>
                msel++;
     b4a:	47b9                	li	a5,14
                mseq = 0;
     b4c:	80019c23          	sh	zero,-2024(gp) # 20000018 <mseq>
                msel++;
     b50:	80f19b23          	sh	a5,-2026(gp) # 20000016 <msel>
     b54:	8d9ff06f          	j	42c <main+0x216>
        if (mdycount == 0 && !count)
     b58:	8c079ae3          	bnez	a5,42c <main+0x216>
     b5c:	83c1a783          	lw	a5,-1988(gp) # 2000003c <count>
     b60:	8c0796e3          	bnez	a5,42c <main+0x216>
            settone(Melody[Uschool4[mseq]], DEF_VOL, 200);
     b64:	8181d783          	lhu	a5,-2024(gp) # 20000018 <mseq>
     b68:	6709                	lui	a4,0x2
     b6a:	df870713          	addi	a4,a4,-520 # 1df8 <Melody>
     b6e:	00f70633          	add	a2,a4,a5
     b72:	0cc64603          	lbu	a2,204(a2)
     b76:	200005b7          	lui	a1,0x20000
     b7a:	0005c583          	lbu	a1,0(a1) # 20000000 <DEF_VOL>
     b7e:	0606                	slli	a2,a2,0x1
     b80:	9732                	add	a4,a4,a2
     b82:	00075503          	lhu	a0,0(a4)
     b86:	0c800613          	li	a2,200
     b8a:	c43e                	sw	a5,8(sp)
     b8c:	d2aff0ef          	jal	ra,b6 <settone>
            mseq++;
     b90:	47a2                	lw	a5,8(sp)
            if (mseq == sizeof(Uschool4) / sizeof(Uschool4[0]))
     b92:	4739                	li	a4,14
            mseq++;
     b94:	0785                	addi	a5,a5,1
     b96:	07c2                	slli	a5,a5,0x10
     b98:	83c1                	srli	a5,a5,0x10
            if (mseq == sizeof(Uschool4) / sizeof(Uschool4[0]))
     b9a:	00e78663          	beq	a5,a4,ba6 <main+0x990>
            mseq++;
     b9e:	80f19c23          	sh	a5,-2024(gp) # 20000018 <mseq>
     ba2:	88bff06f          	j	42c <main+0x216>
                msel++;
     ba6:	47bd                	li	a5,15
                mseq = 0;
     ba8:	80019c23          	sh	zero,-2024(gp) # 20000018 <mseq>
                msel++;
     bac:	80f19b23          	sh	a5,-2026(gp) # 20000016 <msel>
     bb0:	87dff06f          	j	42c <main+0x216>
        if (mdycount == 0 && !count)
     bb4:	86079ce3          	bnez	a5,42c <main+0x216>
     bb8:	83c1a783          	lw	a5,-1988(gp) # 2000003c <count>
     bbc:	860798e3          	bnez	a5,42c <main+0x216>
            settone(Melody[Uschool6[mseq]], DEF_VOL, 200);
     bc0:	8181d783          	lhu	a5,-2024(gp) # 20000018 <mseq>
     bc4:	6709                	lui	a4,0x2
     bc6:	df870713          	addi	a4,a4,-520 # 1df8 <Melody>
     bca:	00f70633          	add	a2,a4,a5
     bce:	0f064603          	lbu	a2,240(a2)
     bd2:	200005b7          	lui	a1,0x20000
     bd6:	0005c583          	lbu	a1,0(a1) # 20000000 <DEF_VOL>
     bda:	0606                	slli	a2,a2,0x1
     bdc:	9732                	add	a4,a4,a2
     bde:	00075503          	lhu	a0,0(a4)
     be2:	0c800613          	li	a2,200
     be6:	c43e                	sw	a5,8(sp)
     be8:	cceff0ef          	jal	ra,b6 <settone>
            mseq++;
     bec:	47a2                	lw	a5,8(sp)
            if (mseq == sizeof(Uschool6) / sizeof(Uschool6[0]))
     bee:	4749                	li	a4,18
            mseq++;
     bf0:	0785                	addi	a5,a5,1
     bf2:	07c2                	slli	a5,a5,0x10
     bf4:	83c1                	srli	a5,a5,0x10
            if (mseq == sizeof(Uschool6) / sizeof(Uschool6[0]))
     bf6:	00e78663          	beq	a5,a4,c02 <main+0x9ec>
            mseq++;
     bfa:	80f19c23          	sh	a5,-2024(gp) # 20000018 <mseq>
     bfe:	82fff06f          	j	42c <main+0x216>
                msel++;
     c02:	47c1                	li	a5,16
                mseq = 0;
     c04:	80019c23          	sh	zero,-2024(gp) # 20000018 <mseq>
                msel++;
     c08:	80f19b23          	sh	a5,-2026(gp) # 20000016 <msel>
     c0c:	821ff06f          	j	42c <main+0x216>
        if (mdycount == 0 && !count)
     c10:	80079ee3          	bnez	a5,42c <main+0x216>
     c14:	83c1a783          	lw	a5,-1988(gp) # 2000003c <count>
     c18:	80079ae3          	bnez	a5,42c <main+0x216>
            settone(Melody[Uschool4[mseq]], DEF_VOL, 200);
     c1c:	8181d783          	lhu	a5,-2024(gp) # 20000018 <mseq>
     c20:	6709                	lui	a4,0x2
     c22:	df870713          	addi	a4,a4,-520 # 1df8 <Melody>
     c26:	00f70633          	add	a2,a4,a5
     c2a:	0cc64603          	lbu	a2,204(a2)
     c2e:	200005b7          	lui	a1,0x20000
     c32:	0005c583          	lbu	a1,0(a1) # 20000000 <DEF_VOL>
     c36:	0606                	slli	a2,a2,0x1
     c38:	9732                	add	a4,a4,a2
     c3a:	00075503          	lhu	a0,0(a4)
     c3e:	0c800613          	li	a2,200
     c42:	c43e                	sw	a5,8(sp)
     c44:	c72ff0ef          	jal	ra,b6 <settone>
            mseq++;
     c48:	47a2                	lw	a5,8(sp)
            if (mseq == sizeof(Uschool4) / sizeof(Uschool4[0]))
     c4a:	4739                	li	a4,14
            mseq++;
     c4c:	0785                	addi	a5,a5,1
     c4e:	07c2                	slli	a5,a5,0x10
     c50:	83c1                	srli	a5,a5,0x10
            if (mseq == sizeof(Uschool4) / sizeof(Uschool4[0]))
     c52:	00e78663          	beq	a5,a4,c5e <main+0xa48>
            mseq++;
     c56:	80f19c23          	sh	a5,-2024(gp) # 20000018 <mseq>
     c5a:	fd2ff06f          	j	42c <main+0x216>
                msel++;
     c5e:	47c5                	li	a5,17
                mseq = 0;
     c60:	80019c23          	sh	zero,-2024(gp) # 20000018 <mseq>
                msel++;
     c64:	80f19b23          	sh	a5,-2026(gp) # 20000016 <msel>
     c68:	fc4ff06f          	j	42c <main+0x216>
        if (mdycount == 0 && !count)
     c6c:	fc079063          	bnez	a5,42c <main+0x216>
     c70:	83c1a783          	lw	a5,-1988(gp) # 2000003c <count>
     c74:	fa079c63          	bnez	a5,42c <main+0x216>
            settone(Melody[Uschool7[mseq]], DEF_VOL, 200);
     c78:	8181d783          	lhu	a5,-2024(gp) # 20000018 <mseq>
     c7c:	6709                	lui	a4,0x2
     c7e:	df870713          	addi	a4,a4,-520 # 1df8 <Melody>
     c82:	00f70633          	add	a2,a4,a5
     c86:	10464603          	lbu	a2,260(a2)
     c8a:	200005b7          	lui	a1,0x20000
     c8e:	0005c583          	lbu	a1,0(a1) # 20000000 <DEF_VOL>
     c92:	0606                	slli	a2,a2,0x1
     c94:	9732                	add	a4,a4,a2
     c96:	00075503          	lhu	a0,0(a4)
     c9a:	0c800613          	li	a2,200
     c9e:	c43e                	sw	a5,8(sp)
     ca0:	c16ff0ef          	jal	ra,b6 <settone>
            mseq++;
     ca4:	47a2                	lw	a5,8(sp)
            if (mseq == sizeof(Uschool7) / sizeof(Uschool7[0]))
     ca6:	473d                	li	a4,15
            mseq++;
     ca8:	0785                	addi	a5,a5,1
     caa:	07c2                	slli	a5,a5,0x10
     cac:	83c1                	srli	a5,a5,0x10
            if (mseq == sizeof(Uschool7) / sizeof(Uschool7[0]))
     cae:	00e78663          	beq	a5,a4,cba <main+0xaa4>
            mseq++;
     cb2:	80f19c23          	sh	a5,-2024(gp) # 20000018 <mseq>
     cb6:	f76ff06f          	j	42c <main+0x216>
                msel++;
     cba:	47c9                	li	a5,18
                mseq = 0;
     cbc:	80019c23          	sh	zero,-2024(gp) # 20000018 <mseq>
                msel++;
     cc0:	80f19b23          	sh	a5,-2026(gp) # 20000016 <msel>
     cc4:	f68ff06f          	j	42c <main+0x216>
        if (mdycount == 0 && !count)
     cc8:	f6079263          	bnez	a5,42c <main+0x216>
     ccc:	83c1a783          	lw	a5,-1988(gp) # 2000003c <count>
     cd0:	f4079e63          	bnez	a5,42c <main+0x216>
            settone(Melody[Uschool1[mseq]], DEF_VOL, 100);
     cd4:	8181d783          	lhu	a5,-2024(gp) # 20000018 <mseq>
     cd8:	6709                	lui	a4,0x2
     cda:	df870713          	addi	a4,a4,-520 # 1df8 <Melody>
     cde:	00f70633          	add	a2,a4,a5
     ce2:	07c64603          	lbu	a2,124(a2)
     ce6:	200005b7          	lui	a1,0x20000
     cea:	0005c583          	lbu	a1,0(a1) # 20000000 <DEF_VOL>
     cee:	0606                	slli	a2,a2,0x1
     cf0:	9732                	add	a4,a4,a2
     cf2:	00075503          	lhu	a0,0(a4)
     cf6:	06400613          	li	a2,100
     cfa:	c43e                	sw	a5,8(sp)
     cfc:	bbaff0ef          	jal	ra,b6 <settone>
            mseq++;
     d00:	47a2                	lw	a5,8(sp)
            if (mseq == sizeof(Uschool1) / sizeof(Uschool1[0]))
     d02:	02000713          	li	a4,32
            mseq++;
     d06:	0785                	addi	a5,a5,1
     d08:	07c2                	slli	a5,a5,0x10
     d0a:	83c1                	srli	a5,a5,0x10
            if (mseq == sizeof(Uschool1) / sizeof(Uschool1[0]))
     d0c:	00e78663          	beq	a5,a4,d18 <main+0xb02>
            mseq++;
     d10:	80f19c23          	sh	a5,-2024(gp) # 20000018 <mseq>
     d14:	f18ff06f          	j	42c <main+0x216>
                msel++;
     d18:	47cd                	li	a5,19
                mseq = 0;
     d1a:	80019c23          	sh	zero,-2024(gp) # 20000018 <mseq>
                msel++;
     d1e:	80f19b23          	sh	a5,-2026(gp) # 20000016 <msel>
     d22:	f0aff06f          	j	42c <main+0x216>
        if (mdycount == 0 && !count)
     d26:	f0079363          	bnez	a5,42c <main+0x216>
     d2a:	83c1a783          	lw	a5,-1988(gp) # 2000003c <count>
     d2e:	ee079f63          	bnez	a5,42c <main+0x216>
            settone(Melody[Uschool2[mseq]], DEF_VOL, 200);
     d32:	8181d783          	lhu	a5,-2024(gp) # 20000018 <mseq>
     d36:	6709                	lui	a4,0x2
     d38:	df870713          	addi	a4,a4,-520 # 1df8 <Melody>
     d3c:	00f70633          	add	a2,a4,a5
     d40:	09c64603          	lbu	a2,156(a2)
     d44:	200005b7          	lui	a1,0x20000
     d48:	0005c583          	lbu	a1,0(a1) # 20000000 <DEF_VOL>
     d4c:	0606                	slli	a2,a2,0x1
     d4e:	9732                	add	a4,a4,a2
     d50:	00075503          	lhu	a0,0(a4)
     d54:	0c800613          	li	a2,200
     d58:	c43e                	sw	a5,8(sp)
     d5a:	b5cff0ef          	jal	ra,b6 <settone>
            mseq++;
     d5e:	47a2                	lw	a5,8(sp)
            if (mseq == sizeof(Uschool2) / sizeof(Uschool2[0]))
     d60:	4741                	li	a4,16
            mseq++;
     d62:	0785                	addi	a5,a5,1
     d64:	07c2                	slli	a5,a5,0x10
     d66:	83c1                	srli	a5,a5,0x10
            if (mseq == sizeof(Uschool2) / sizeof(Uschool2[0]))
     d68:	00e78663          	beq	a5,a4,d74 <main+0xb5e>
            mseq++;
     d6c:	80f19c23          	sh	a5,-2024(gp) # 20000018 <mseq>
     d70:	ebcff06f          	j	42c <main+0x216>
                msel++;
     d74:	47d1                	li	a5,20
                mseq = 0;
     d76:	80019c23          	sh	zero,-2024(gp) # 20000018 <mseq>
                msel++;
     d7a:	80f19b23          	sh	a5,-2026(gp) # 20000016 <msel>
     d7e:	eaeff06f          	j	42c <main+0x216>
        if (mdycount == 0 && !count)
     d82:	ea079563          	bnez	a5,42c <main+0x216>
     d86:	83c1a783          	lw	a5,-1988(gp) # 2000003c <count>
     d8a:	ea079163          	bnez	a5,42c <main+0x216>
            settone(Melody[Uschool1[mseq]], DEF_VOL, 100);
     d8e:	8181d783          	lhu	a5,-2024(gp) # 20000018 <mseq>
     d92:	6709                	lui	a4,0x2
     d94:	df870713          	addi	a4,a4,-520 # 1df8 <Melody>
     d98:	00f70633          	add	a2,a4,a5
     d9c:	07c64603          	lbu	a2,124(a2)
     da0:	200005b7          	lui	a1,0x20000
     da4:	0005c583          	lbu	a1,0(a1) # 20000000 <DEF_VOL>
     da8:	0606                	slli	a2,a2,0x1
     daa:	9732                	add	a4,a4,a2
     dac:	00075503          	lhu	a0,0(a4)
     db0:	06400613          	li	a2,100
     db4:	c43e                	sw	a5,8(sp)
     db6:	b00ff0ef          	jal	ra,b6 <settone>
            mseq++;
     dba:	47a2                	lw	a5,8(sp)
            if (mseq == sizeof(Uschool1) / sizeof(Uschool1[0]))
     dbc:	02000713          	li	a4,32
            mseq++;
     dc0:	0785                	addi	a5,a5,1
     dc2:	07c2                	slli	a5,a5,0x10
     dc4:	83c1                	srli	a5,a5,0x10
            if (mseq == sizeof(Uschool1) / sizeof(Uschool1[0]))
     dc6:	00e78663          	beq	a5,a4,dd2 <main+0xbbc>
            mseq++;
     dca:	80f19c23          	sh	a5,-2024(gp) # 20000018 <mseq>
     dce:	e5eff06f          	j	42c <main+0x216>
                msel++;
     dd2:	47d5                	li	a5,21
                mseq = 0;
     dd4:	80019c23          	sh	zero,-2024(gp) # 20000018 <mseq>
                msel++;
     dd8:	80f19b23          	sh	a5,-2026(gp) # 20000016 <msel>
     ddc:	e50ff06f          	j	42c <main+0x216>
        if (mdycount == 0 && !count)
     de0:	e4079663          	bnez	a5,42c <main+0x216>
     de4:	83c1a783          	lw	a5,-1988(gp) # 2000003c <count>
     de8:	e4079263          	bnez	a5,42c <main+0x216>
            settone(Melody[Uschool3[mseq]], DEF_VOL, 100);
     dec:	8181d783          	lhu	a5,-2024(gp) # 20000018 <mseq>
     df0:	6709                	lui	a4,0x2
     df2:	df870713          	addi	a4,a4,-520 # 1df8 <Melody>
     df6:	00f70633          	add	a2,a4,a5
     dfa:	0ac64603          	lbu	a2,172(a2)
     dfe:	200005b7          	lui	a1,0x20000
     e02:	0005c583          	lbu	a1,0(a1) # 20000000 <DEF_VOL>
     e06:	0606                	slli	a2,a2,0x1
     e08:	9732                	add	a4,a4,a2
     e0a:	00075503          	lhu	a0,0(a4)
     e0e:	06400613          	li	a2,100
     e12:	c43e                	sw	a5,8(sp)
     e14:	aa2ff0ef          	jal	ra,b6 <settone>
            mseq++;
     e18:	47a2                	lw	a5,8(sp)
            if (mseq == sizeof(Uschool3) / sizeof(Uschool3[0]))
     e1a:	02000713          	li	a4,32
            mseq++;
     e1e:	0785                	addi	a5,a5,1
     e20:	07c2                	slli	a5,a5,0x10
     e22:	83c1                	srli	a5,a5,0x10
            if (mseq == sizeof(Uschool3) / sizeof(Uschool3[0]))
     e24:	00e78663          	beq	a5,a4,e30 <main+0xc1a>
            mseq++;
     e28:	80f19c23          	sh	a5,-2024(gp) # 20000018 <mseq>
     e2c:	e00ff06f          	j	42c <main+0x216>
                msel++;
     e30:	47d9                	li	a5,22
                mseq = 0;
     e32:	80019c23          	sh	zero,-2024(gp) # 20000018 <mseq>
                msel++;
     e36:	80f19b23          	sh	a5,-2026(gp) # 20000016 <msel>
     e3a:	df2ff06f          	j	42c <main+0x216>
        if (mdycount == 0 && !count)
     e3e:	de079763          	bnez	a5,42c <main+0x216>
     e42:	83c1a783          	lw	a5,-1988(gp) # 2000003c <count>
     e46:	de079363          	bnez	a5,42c <main+0x216>
            settone(Melody[Uschool1[mseq]], DEF_VOL, 100);
     e4a:	8181d783          	lhu	a5,-2024(gp) # 20000018 <mseq>
     e4e:	6709                	lui	a4,0x2
     e50:	df870713          	addi	a4,a4,-520 # 1df8 <Melody>
     e54:	00f70633          	add	a2,a4,a5
     e58:	07c64603          	lbu	a2,124(a2)
     e5c:	200005b7          	lui	a1,0x20000
     e60:	0005c583          	lbu	a1,0(a1) # 20000000 <DEF_VOL>
     e64:	0606                	slli	a2,a2,0x1
     e66:	9732                	add	a4,a4,a2
     e68:	00075503          	lhu	a0,0(a4)
     e6c:	06400613          	li	a2,100
     e70:	c43e                	sw	a5,8(sp)
     e72:	a44ff0ef          	jal	ra,b6 <settone>
            mseq++;
     e76:	47a2                	lw	a5,8(sp)
            if (mseq == sizeof(Uschool1) / sizeof(Uschool1[0]))
     e78:	02000713          	li	a4,32
            mseq++;
     e7c:	0785                	addi	a5,a5,1
     e7e:	07c2                	slli	a5,a5,0x10
     e80:	83c1                	srli	a5,a5,0x10
            if (mseq == sizeof(Uschool1) / sizeof(Uschool1[0]))
     e82:	00e78663          	beq	a5,a4,e8e <main+0xc78>
            mseq++;
     e86:	80f19c23          	sh	a5,-2024(gp) # 20000018 <mseq>
     e8a:	da2ff06f          	j	42c <main+0x216>
                msel++;
     e8e:	47dd                	li	a5,23
                mseq = 0;
     e90:	80019c23          	sh	zero,-2024(gp) # 20000018 <mseq>
                msel++;
     e94:	80f19b23          	sh	a5,-2026(gp) # 20000016 <msel>
     e98:	d94ff06f          	j	42c <main+0x216>
        if (mdycount == 0 && !count)
     e9c:	d8079863          	bnez	a5,42c <main+0x216>
     ea0:	83c1a783          	lw	a5,-1988(gp) # 2000003c <count>
     ea4:	d8079463          	bnez	a5,42c <main+0x216>
            settone(Melody[Uschool2[mseq]], DEF_VOL, 200);
     ea8:	8181d783          	lhu	a5,-2024(gp) # 20000018 <mseq>
     eac:	6709                	lui	a4,0x2
     eae:	df870713          	addi	a4,a4,-520 # 1df8 <Melody>
     eb2:	00f70633          	add	a2,a4,a5
     eb6:	09c64603          	lbu	a2,156(a2)
     eba:	200005b7          	lui	a1,0x20000
     ebe:	0005c583          	lbu	a1,0(a1) # 20000000 <DEF_VOL>
     ec2:	0606                	slli	a2,a2,0x1
     ec4:	9732                	add	a4,a4,a2
     ec6:	00075503          	lhu	a0,0(a4)
     eca:	0c800613          	li	a2,200
     ece:	c43e                	sw	a5,8(sp)
     ed0:	9e6ff0ef          	jal	ra,b6 <settone>
            mseq++;
     ed4:	47a2                	lw	a5,8(sp)
            if (mseq == sizeof(Uschool2) / sizeof(Uschool2[0]))
     ed6:	4741                	li	a4,16
            mseq++;
     ed8:	0785                	addi	a5,a5,1
     eda:	07c2                	slli	a5,a5,0x10
     edc:	83c1                	srli	a5,a5,0x10
            if (mseq == sizeof(Uschool2) / sizeof(Uschool2[0]))
     ede:	00e78663          	beq	a5,a4,eea <main+0xcd4>
            mseq++;
     ee2:	80f19c23          	sh	a5,-2024(gp) # 20000018 <mseq>
     ee6:	d46ff06f          	j	42c <main+0x216>
                msel++;
     eea:	47e1                	li	a5,24
                mseq = 0;
     eec:	80019c23          	sh	zero,-2024(gp) # 20000018 <mseq>
                msel++;
     ef0:	80f19b23          	sh	a5,-2026(gp) # 20000016 <msel>
     ef4:	d38ff06f          	j	42c <main+0x216>
        if (mdycount == 0 && !count)
     ef8:	d2079a63          	bnez	a5,42c <main+0x216>
     efc:	83c1a783          	lw	a5,-1988(gp) # 2000003c <count>
     f00:	d2079663          	bnez	a5,42c <main+0x216>
            settone(Melody[Uschool1[mseq]], DEF_VOL, 100);
     f04:	8181d783          	lhu	a5,-2024(gp) # 20000018 <mseq>
     f08:	6709                	lui	a4,0x2
     f0a:	df870713          	addi	a4,a4,-520 # 1df8 <Melody>
     f0e:	00f70633          	add	a2,a4,a5
     f12:	07c64603          	lbu	a2,124(a2)
     f16:	200005b7          	lui	a1,0x20000
     f1a:	0005c583          	lbu	a1,0(a1) # 20000000 <DEF_VOL>
     f1e:	0606                	slli	a2,a2,0x1
     f20:	9732                	add	a4,a4,a2
     f22:	00075503          	lhu	a0,0(a4)
     f26:	06400613          	li	a2,100
     f2a:	c43e                	sw	a5,8(sp)
     f2c:	98aff0ef          	jal	ra,b6 <settone>
            mseq++;
     f30:	47a2                	lw	a5,8(sp)
            if (mseq == sizeof(Uschool1) / sizeof(Uschool1[0]))
     f32:	02000713          	li	a4,32
            mseq++;
     f36:	0785                	addi	a5,a5,1
     f38:	07c2                	slli	a5,a5,0x10
     f3a:	83c1                	srli	a5,a5,0x10
            if (mseq == sizeof(Uschool1) / sizeof(Uschool1[0]))
     f3c:	00e78663          	beq	a5,a4,f48 <main+0xd32>
            mseq++;
     f40:	80f19c23          	sh	a5,-2024(gp) # 20000018 <mseq>
     f44:	ce8ff06f          	j	42c <main+0x216>
                msel++;
     f48:	47e5                	li	a5,25
                mseq = 0;
     f4a:	80019c23          	sh	zero,-2024(gp) # 20000018 <mseq>
                msel++;
     f4e:	80f19b23          	sh	a5,-2026(gp) # 20000016 <msel>
     f52:	cdaff06f          	j	42c <main+0x216>
        if (mdycount == 0 && !count)
     f56:	cc079b63          	bnez	a5,42c <main+0x216>
     f5a:	83c1a783          	lw	a5,-1988(gp) # 2000003c <count>
     f5e:	cc079763          	bnez	a5,42c <main+0x216>
            settone(Melody[Uschool3[mseq]], DEF_VOL, 100);
     f62:	8181d783          	lhu	a5,-2024(gp) # 20000018 <mseq>
     f66:	6709                	lui	a4,0x2
     f68:	df870713          	addi	a4,a4,-520 # 1df8 <Melody>
     f6c:	00f70633          	add	a2,a4,a5
     f70:	0ac64603          	lbu	a2,172(a2)
     f74:	200005b7          	lui	a1,0x20000
     f78:	0005c583          	lbu	a1,0(a1) # 20000000 <DEF_VOL>
     f7c:	0606                	slli	a2,a2,0x1
     f7e:	9732                	add	a4,a4,a2
     f80:	00075503          	lhu	a0,0(a4)
     f84:	06400613          	li	a2,100
     f88:	c43e                	sw	a5,8(sp)
     f8a:	92cff0ef          	jal	ra,b6 <settone>
            mseq++;
     f8e:	47a2                	lw	a5,8(sp)
            if (mseq == sizeof(Uschool3) / sizeof(Uschool3[0]))
     f90:	02000713          	li	a4,32
            mseq++;
     f94:	0785                	addi	a5,a5,1
     f96:	07c2                	slli	a5,a5,0x10
     f98:	83c1                	srli	a5,a5,0x10
            if (mseq == sizeof(Uschool3) / sizeof(Uschool3[0]))
     f9a:	00e78663          	beq	a5,a4,fa6 <main+0xd90>
            mseq++;
     f9e:	80f19c23          	sh	a5,-2024(gp) # 20000018 <mseq>
     fa2:	c8aff06f          	j	42c <main+0x216>
                msel++;
     fa6:	47e9                	li	a5,26
                mseq = 0;
     fa8:	80019c23          	sh	zero,-2024(gp) # 20000018 <mseq>
                msel++;
     fac:	80f19b23          	sh	a5,-2026(gp) # 20000016 <msel>
     fb0:	c7cff06f          	j	42c <main+0x216>
        if (mdycount == 0 && !count)
     fb4:	c6079c63          	bnez	a5,42c <main+0x216>
     fb8:	83c1a783          	lw	a5,-1988(gp) # 2000003c <count>
     fbc:	c6079863          	bnez	a5,42c <main+0x216>
            settone(Melody[Uschool8[mseq]], DEF_VOL, 100);
     fc0:	8181d783          	lhu	a5,-2024(gp) # 20000018 <mseq>
     fc4:	6709                	lui	a4,0x2
     fc6:	df870713          	addi	a4,a4,-520 # 1df8 <Melody>
     fca:	00f70633          	add	a2,a4,a5
     fce:	11464603          	lbu	a2,276(a2)
     fd2:	200005b7          	lui	a1,0x20000
     fd6:	0005c583          	lbu	a1,0(a1) # 20000000 <DEF_VOL>
     fda:	0606                	slli	a2,a2,0x1
     fdc:	9732                	add	a4,a4,a2
     fde:	00075503          	lhu	a0,0(a4)
     fe2:	06400613          	li	a2,100
     fe6:	c43e                	sw	a5,8(sp)
     fe8:	8ceff0ef          	jal	ra,b6 <settone>
            mseq++;
     fec:	47a2                	lw	a5,8(sp)
            if (mseq == sizeof(Uschool8) / sizeof(Uschool8[0]))
     fee:	03a00713          	li	a4,58
            mseq++;
     ff2:	0785                	addi	a5,a5,1
     ff4:	07c2                	slli	a5,a5,0x10
     ff6:	83c1                	srli	a5,a5,0x10
            if (mseq == sizeof(Uschool8) / sizeof(Uschool8[0]))
     ff8:	00e78663          	beq	a5,a4,1004 <main+0xdee>
            mseq++;
     ffc:	80f19c23          	sh	a5,-2024(gp) # 20000018 <mseq>
    1000:	c2cff06f          	j	42c <main+0x216>
                msel++;
    1004:	47ed                	li	a5,27
                mseq = 0;
    1006:	80019c23          	sh	zero,-2024(gp) # 20000018 <mseq>
                msel++;
    100a:	80f19b23          	sh	a5,-2026(gp) # 20000016 <msel>
    100e:	c1eff06f          	j	42c <main+0x216>
        if (mdycount == 0 && !count)
    1012:	c0079d63          	bnez	a5,42c <main+0x216>
    1016:	83c1a783          	lw	a5,-1988(gp) # 2000003c <count>
    101a:	c0079963          	bnez	a5,42c <main+0x216>
            settone(Melody[Uschool9[mseq]], DEF_VOL, 100);
    101e:	8181d783          	lhu	a5,-2024(gp) # 20000018 <mseq>
    1022:	6709                	lui	a4,0x2
    1024:	df870713          	addi	a4,a4,-520 # 1df8 <Melody>
    1028:	00f70633          	add	a2,a4,a5
    102c:	15064603          	lbu	a2,336(a2)
    1030:	200005b7          	lui	a1,0x20000
    1034:	0005c583          	lbu	a1,0(a1) # 20000000 <DEF_VOL>
    1038:	0606                	slli	a2,a2,0x1
    103a:	9732                	add	a4,a4,a2
    103c:	00075503          	lhu	a0,0(a4)
    1040:	06400613          	li	a2,100
    1044:	c43e                	sw	a5,8(sp)
    1046:	870ff0ef          	jal	ra,b6 <settone>
            mseq++;
    104a:	47a2                	lw	a5,8(sp)
            if (mseq == sizeof(Uschool9) / sizeof(Uschool9[0]))
    104c:	04600713          	li	a4,70
            mseq++;
    1050:	0785                	addi	a5,a5,1
    1052:	07c2                	slli	a5,a5,0x10
    1054:	83c1                	srli	a5,a5,0x10
            if (mseq == sizeof(Uschool9) / sizeof(Uschool9[0]))
    1056:	00e78663          	beq	a5,a4,1062 <main+0xe4c>
            mseq++;
    105a:	80f19c23          	sh	a5,-2024(gp) # 20000018 <mseq>
    105e:	bceff06f          	j	42c <main+0x216>
                msel++;
    1062:	47f1                	li	a5,28
                mseq = 0;
    1064:	80019c23          	sh	zero,-2024(gp) # 20000018 <mseq>
                msel++;
    1068:	80f19b23          	sh	a5,-2026(gp) # 20000016 <msel>
    106c:	bc0ff06f          	j	42c <main+0x216>
        if (mdycount == 0 && !count)
    1070:	ba079e63          	bnez	a5,42c <main+0x216>
    1074:	83c1a783          	lw	a5,-1988(gp) # 2000003c <count>
    1078:	ba079a63          	bnez	a5,42c <main+0x216>
            settone(Melody[Uschool10[mseq]], DEF_VOL, 100);
    107c:	8181d783          	lhu	a5,-2024(gp) # 20000018 <mseq>
    1080:	6709                	lui	a4,0x2
    1082:	df870713          	addi	a4,a4,-520 # 1df8 <Melody>
    1086:	00f70633          	add	a2,a4,a5
    108a:	19864603          	lbu	a2,408(a2)
    108e:	200005b7          	lui	a1,0x20000
    1092:	0005c583          	lbu	a1,0(a1) # 20000000 <DEF_VOL>
    1096:	0606                	slli	a2,a2,0x1
    1098:	9732                	add	a4,a4,a2
    109a:	00075503          	lhu	a0,0(a4)
    109e:	06400613          	li	a2,100
    10a2:	c43e                	sw	a5,8(sp)
    10a4:	812ff0ef          	jal	ra,b6 <settone>
            mseq++;
    10a8:	47a2                	lw	a5,8(sp)
            if (mseq == sizeof(Uschool10) / sizeof(Uschool10[0]))
    10aa:	08000713          	li	a4,128
            mseq++;
    10ae:	0785                	addi	a5,a5,1
    10b0:	07c2                	slli	a5,a5,0x10
    10b2:	83c1                	srli	a5,a5,0x10
            if (mseq == sizeof(Uschool10) / sizeof(Uschool10[0]))
    10b4:	00e78663          	beq	a5,a4,10c0 <main+0xeaa>
            mseq++;
    10b8:	80f19c23          	sh	a5,-2024(gp) # 20000018 <mseq>
    10bc:	b70ff06f          	j	42c <main+0x216>
                msel++;
    10c0:	47f5                	li	a5,29
                mseq = 0;
    10c2:	80019c23          	sh	zero,-2024(gp) # 20000018 <mseq>
                msel++;
    10c6:	80f19b23          	sh	a5,-2026(gp) # 20000016 <msel>
    10ca:	b62ff06f          	j	42c <main+0x216>
        if (mdycount == 0 && !count)
    10ce:	b4079f63          	bnez	a5,42c <main+0x216>
    10d2:	83c1a783          	lw	a5,-1988(gp) # 2000003c <count>
    10d6:	b4079b63          	bnez	a5,42c <main+0x216>
            settone(Melody[Uschool4[mseq]], DEF_VOL, 200);
    10da:	8181d783          	lhu	a5,-2024(gp) # 20000018 <mseq>
    10de:	6709                	lui	a4,0x2
    10e0:	df870713          	addi	a4,a4,-520 # 1df8 <Melody>
    10e4:	00f70633          	add	a2,a4,a5
    10e8:	0cc64603          	lbu	a2,204(a2)
    10ec:	200005b7          	lui	a1,0x20000
    10f0:	0005c583          	lbu	a1,0(a1) # 20000000 <DEF_VOL>
    10f4:	0606                	slli	a2,a2,0x1
    10f6:	9732                	add	a4,a4,a2
    10f8:	00075503          	lhu	a0,0(a4)
    10fc:	0c800613          	li	a2,200
    1100:	c43e                	sw	a5,8(sp)
    1102:	fb5fe0ef          	jal	ra,b6 <settone>
            mseq++;
    1106:	47a2                	lw	a5,8(sp)
            if (mseq == sizeof(Uschool4) / sizeof(Uschool4[0]))
    1108:	4739                	li	a4,14
            mseq++;
    110a:	0785                	addi	a5,a5,1
    110c:	07c2                	slli	a5,a5,0x10
    110e:	83c1                	srli	a5,a5,0x10
            if (mseq == sizeof(Uschool4) / sizeof(Uschool4[0]))
    1110:	00e78663          	beq	a5,a4,111c <main+0xf06>
            mseq++;
    1114:	80f19c23          	sh	a5,-2024(gp) # 20000018 <mseq>
    1118:	b14ff06f          	j	42c <main+0x216>
                msel++;
    111c:	47f9                	li	a5,30
                mseq = 0;
    111e:	80019c23          	sh	zero,-2024(gp) # 20000018 <mseq>
                msel++;
    1122:	80f19b23          	sh	a5,-2026(gp) # 20000016 <msel>
    1126:	b06ff06f          	j	42c <main+0x216>
        if (mdycount == 0 && !count)
    112a:	b0079163          	bnez	a5,42c <main+0x216>
    112e:	83c1a783          	lw	a5,-1988(gp) # 2000003c <count>
    1132:	ae079d63          	bnez	a5,42c <main+0x216>
            settone(Melody[Uschool5[mseq]], DEF_VOL, 200);
    1136:	8181d783          	lhu	a5,-2024(gp) # 20000018 <mseq>
    113a:	6709                	lui	a4,0x2
    113c:	df870713          	addi	a4,a4,-520 # 1df8 <Melody>
    1140:	00f70633          	add	a2,a4,a5
    1144:	0dc64603          	lbu	a2,220(a2)
    1148:	200005b7          	lui	a1,0x20000
    114c:	0005c583          	lbu	a1,0(a1) # 20000000 <DEF_VOL>
    1150:	0606                	slli	a2,a2,0x1
    1152:	9732                	add	a4,a4,a2
    1154:	00075503          	lhu	a0,0(a4)
    1158:	0c800613          	li	a2,200
    115c:	c43e                	sw	a5,8(sp)
    115e:	f59fe0ef          	jal	ra,b6 <settone>
            mseq++;
    1162:	47a2                	lw	a5,8(sp)
            if (mseq == sizeof(Uschool5) / sizeof(Uschool5[0]))
    1164:	4749                	li	a4,18
            mseq++;
    1166:	0785                	addi	a5,a5,1
    1168:	07c2                	slli	a5,a5,0x10
    116a:	83c1                	srli	a5,a5,0x10
            if (mseq == sizeof(Uschool5) / sizeof(Uschool5[0]))
    116c:	00e78663          	beq	a5,a4,1178 <main+0xf62>
            mseq++;
    1170:	80f19c23          	sh	a5,-2024(gp) # 20000018 <mseq>
    1174:	ab8ff06f          	j	42c <main+0x216>
                msel++;
    1178:	47fd                	li	a5,31
                mseq = 0;
    117a:	80019c23          	sh	zero,-2024(gp) # 20000018 <mseq>
                msel++;
    117e:	80f19b23          	sh	a5,-2026(gp) # 20000016 <msel>
    1182:	aaaff06f          	j	42c <main+0x216>
        if (mdycount == 0 && !count)
    1186:	aa079363          	bnez	a5,42c <main+0x216>
    118a:	83c1a783          	lw	a5,-1988(gp) # 2000003c <count>
    118e:	a8079f63          	bnez	a5,42c <main+0x216>
            settone(Melody[Uschool4[mseq]], DEF_VOL, 200);
    1192:	8181d783          	lhu	a5,-2024(gp) # 20000018 <mseq>
    1196:	6709                	lui	a4,0x2
    1198:	df870713          	addi	a4,a4,-520 # 1df8 <Melody>
    119c:	00f70633          	add	a2,a4,a5
    11a0:	0cc64603          	lbu	a2,204(a2)
    11a4:	200005b7          	lui	a1,0x20000
    11a8:	0005c583          	lbu	a1,0(a1) # 20000000 <DEF_VOL>
    11ac:	0606                	slli	a2,a2,0x1
    11ae:	9732                	add	a4,a4,a2
    11b0:	00075503          	lhu	a0,0(a4)
    11b4:	0c800613          	li	a2,200
    11b8:	c43e                	sw	a5,8(sp)
    11ba:	efdfe0ef          	jal	ra,b6 <settone>
            mseq++;
    11be:	47a2                	lw	a5,8(sp)
            if (mseq == sizeof(Uschool4) / sizeof(Uschool4[0]))
    11c0:	4739                	li	a4,14
            mseq++;
    11c2:	0785                	addi	a5,a5,1
    11c4:	07c2                	slli	a5,a5,0x10
    11c6:	83c1                	srli	a5,a5,0x10
            if (mseq == sizeof(Uschool4) / sizeof(Uschool4[0]))
    11c8:	00e78663          	beq	a5,a4,11d4 <main+0xfbe>
            mseq++;
    11cc:	80f19c23          	sh	a5,-2024(gp) # 20000018 <mseq>
    11d0:	a5cff06f          	j	42c <main+0x216>
                msel++;
    11d4:	02000793          	li	a5,32
                mseq = 0;
    11d8:	80019c23          	sh	zero,-2024(gp) # 20000018 <mseq>
                msel++;
    11dc:	80f19b23          	sh	a5,-2026(gp) # 20000016 <msel>
    11e0:	a4cff06f          	j	42c <main+0x216>
        if (mdycount == 0 && !count)
    11e4:	c399                	beqz	a5,11ea <main+0xfd4>
    11e6:	a46ff06f          	j	42c <main+0x216>
    11ea:	83c1a783          	lw	a5,-1988(gp) # 2000003c <count>
    11ee:	c399                	beqz	a5,11f4 <main+0xfde>
    11f0:	a3cff06f          	j	42c <main+0x216>
            settone(Melody[Uschool6[mseq]], DEF_VOL, 200);
    11f4:	8181d783          	lhu	a5,-2024(gp) # 20000018 <mseq>
    11f8:	6709                	lui	a4,0x2
    11fa:	df870713          	addi	a4,a4,-520 # 1df8 <Melody>
    11fe:	00f70633          	add	a2,a4,a5
    1202:	0f064603          	lbu	a2,240(a2)
    1206:	200005b7          	lui	a1,0x20000
    120a:	0005c583          	lbu	a1,0(a1) # 20000000 <DEF_VOL>
    120e:	0606                	slli	a2,a2,0x1
    1210:	9732                	add	a4,a4,a2
    1212:	00075503          	lhu	a0,0(a4)
    1216:	0c800613          	li	a2,200
    121a:	c43e                	sw	a5,8(sp)
    121c:	e9bfe0ef          	jal	ra,b6 <settone>
            mseq++;
    1220:	47a2                	lw	a5,8(sp)
            if (mseq == sizeof(Uschool6) / sizeof(Uschool6[0]))
    1222:	4749                	li	a4,18
            mseq++;
    1224:	0785                	addi	a5,a5,1
    1226:	07c2                	slli	a5,a5,0x10
    1228:	83c1                	srli	a5,a5,0x10
            if (mseq == sizeof(Uschool6) / sizeof(Uschool6[0]))
    122a:	00e78663          	beq	a5,a4,1236 <main+0x1020>
            mseq++;
    122e:	80f19c23          	sh	a5,-2024(gp) # 20000018 <mseq>
    1232:	9faff06f          	j	42c <main+0x216>
                msel++;
    1236:	02100793          	li	a5,33
                mseq = 0;
    123a:	80019c23          	sh	zero,-2024(gp) # 20000018 <mseq>
                msel++;
    123e:	80f19b23          	sh	a5,-2026(gp) # 20000016 <msel>
    1242:	9eaff06f          	j	42c <main+0x216>
        if (mdycount == 0 && !count)
    1246:	c399                	beqz	a5,124c <main+0x1036>
    1248:	9e4ff06f          	j	42c <main+0x216>
    124c:	83c1a783          	lw	a5,-1988(gp) # 2000003c <count>
    1250:	c399                	beqz	a5,1256 <main+0x1040>
    1252:	9daff06f          	j	42c <main+0x216>
            settone(Melody[Uschool4[mseq]], DEF_VOL, 200);
    1256:	8181d783          	lhu	a5,-2024(gp) # 20000018 <mseq>
    125a:	6709                	lui	a4,0x2
    125c:	df870713          	addi	a4,a4,-520 # 1df8 <Melody>
    1260:	00f70633          	add	a2,a4,a5
    1264:	0cc64603          	lbu	a2,204(a2)
    1268:	200005b7          	lui	a1,0x20000
    126c:	0005c583          	lbu	a1,0(a1) # 20000000 <DEF_VOL>
    1270:	0606                	slli	a2,a2,0x1
    1272:	9732                	add	a4,a4,a2
    1274:	00075503          	lhu	a0,0(a4)
    1278:	0c800613          	li	a2,200
    127c:	c43e                	sw	a5,8(sp)
    127e:	e39fe0ef          	jal	ra,b6 <settone>
            mseq++;
    1282:	47a2                	lw	a5,8(sp)
            if (mseq == sizeof(Uschool4) / sizeof(Uschool4[0]))
    1284:	4739                	li	a4,14
            mseq++;
    1286:	0785                	addi	a5,a5,1
    1288:	07c2                	slli	a5,a5,0x10
    128a:	83c1                	srli	a5,a5,0x10
            if (mseq == sizeof(Uschool4) / sizeof(Uschool4[0]))
    128c:	00e78663          	beq	a5,a4,1298 <main+0x1082>
            mseq++;
    1290:	80f19c23          	sh	a5,-2024(gp) # 20000018 <mseq>
    1294:	998ff06f          	j	42c <main+0x216>
                msel++;
    1298:	02200793          	li	a5,34
                mseq = 0;
    129c:	80019c23          	sh	zero,-2024(gp) # 20000018 <mseq>
                msel++;
    12a0:	80f19b23          	sh	a5,-2026(gp) # 20000016 <msel>
    12a4:	988ff06f          	j	42c <main+0x216>
        if (mdycount == 0 && !count)
    12a8:	c399                	beqz	a5,12ae <main+0x1098>
    12aa:	982ff06f          	j	42c <main+0x216>
    12ae:	83c1a783          	lw	a5,-1988(gp) # 2000003c <count>
    12b2:	c399                	beqz	a5,12b8 <main+0x10a2>
    12b4:	978ff06f          	j	42c <main+0x216>
            settone(Melody[Uschool7[mseq]], DEF_VOL, 200);
    12b8:	8181d783          	lhu	a5,-2024(gp) # 20000018 <mseq>
    12bc:	6709                	lui	a4,0x2
    12be:	df870713          	addi	a4,a4,-520 # 1df8 <Melody>
    12c2:	00f70633          	add	a2,a4,a5
    12c6:	10464603          	lbu	a2,260(a2)
    12ca:	200005b7          	lui	a1,0x20000
    12ce:	0005c583          	lbu	a1,0(a1) # 20000000 <DEF_VOL>
    12d2:	0606                	slli	a2,a2,0x1
    12d4:	9732                	add	a4,a4,a2
    12d6:	00075503          	lhu	a0,0(a4)
    12da:	0c800613          	li	a2,200
    12de:	c43e                	sw	a5,8(sp)
    12e0:	dd7fe0ef          	jal	ra,b6 <settone>
            mseq++;
    12e4:	47a2                	lw	a5,8(sp)
            if (mseq == sizeof(Uschool7) / sizeof(Uschool7[0]))
    12e6:	473d                	li	a4,15
            mseq++;
    12e8:	0785                	addi	a5,a5,1
    12ea:	07c2                	slli	a5,a5,0x10
    12ec:	83c1                	srli	a5,a5,0x10
            if (mseq == sizeof(Uschool7) / sizeof(Uschool7[0]))
    12ee:	00e78663          	beq	a5,a4,12fa <main+0x10e4>
            mseq++;
    12f2:	80f19c23          	sh	a5,-2024(gp) # 20000018 <mseq>
    12f6:	936ff06f          	j	42c <main+0x216>
                msel++;
    12fa:	02300793          	li	a5,35
                mseq = 0;
    12fe:	80019c23          	sh	zero,-2024(gp) # 20000018 <mseq>
                msel++;
    1302:	80f19b23          	sh	a5,-2026(gp) # 20000016 <msel>
    1306:	926ff06f          	j	42c <main+0x216>
        if (mdycount == 0 && !count)
    130a:	c399                	beqz	a5,1310 <main+0x10fa>
    130c:	920ff06f          	j	42c <main+0x216>
    1310:	83c1a783          	lw	a5,-1988(gp) # 2000003c <count>
    1314:	c399                	beqz	a5,131a <main+0x1104>
    1316:	916ff06f          	j	42c <main+0x216>
            settone(Melody[MT], DEF_VOL, 1600);
    131a:	200007b7          	lui	a5,0x20000
    131e:	0007c583          	lbu	a1,0(a5) # 20000000 <DEF_VOL>
    1322:	64000613          	li	a2,1600
    1326:	4501                	li	a0,0
    1328:	d8ffe0ef          	jal	ra,b6 <settone>
            msel = 0;
    132c:	80019b23          	sh	zero,-2026(gp) # 20000016 <msel>
            mseq = 0;
    1330:	80019c23          	sh	zero,-2024(gp) # 20000018 <mseq>
    1334:	8f8ff06f          	j	42c <main+0x216>
            if (istoneon) Lmemory_seq();
    1338:	cbad                	beqz	a5,13aa <main+0x1194>
    switch (msel)
    133a:	8161d783          	lhu	a5,-2026(gp) # 20000016 <msel>
    133e:	4715                	li	a4,5
    1340:	06f76563          	bltu	a4,a5,13aa <main+0x1194>
    1344:	6709                	lui	a4,0x2
    1346:	de070713          	addi	a4,a4,-544 # 1de0 <always0+0x94>
    134a:	078a                	slli	a5,a5,0x2
    134c:	97ba                	add	a5,a5,a4
    134e:	4398                	lw	a4,0(a5)
        if (mdycount == 0 && !count)
    1350:	8341a783          	lw	a5,-1996(gp) # 20000034 <mdycount>
    1354:	8702                	jr	a4
        if (mdycount == 0 && !count)
    1356:	ebb1                	bnez	a5,13aa <main+0x1194>
    1358:	83c1a783          	lw	a5,-1988(gp) # 2000003c <count>
    135c:	e7b9                	bnez	a5,13aa <main+0x1194>
            settone(Melody[Lmemory1[mseq]], DEF_VOL, 300);
    135e:	8181d783          	lhu	a5,-2024(gp) # 20000018 <mseq>
    1362:	6709                	lui	a4,0x2
    1364:	df870713          	addi	a4,a4,-520 # 1df8 <Melody>
    1368:	00f70633          	add	a2,a4,a5
    136c:	21864603          	lbu	a2,536(a2)
    1370:	200005b7          	lui	a1,0x20000
    1374:	0005c583          	lbu	a1,0(a1) # 20000000 <DEF_VOL>
    1378:	0606                	slli	a2,a2,0x1
    137a:	9732                	add	a4,a4,a2
    137c:	00075503          	lhu	a0,0(a4)
    1380:	12c00613          	li	a2,300
    1384:	c43e                	sw	a5,8(sp)
    1386:	d31fe0ef          	jal	ra,b6 <settone>
            mseq++;
    138a:	47a2                	lw	a5,8(sp)
            if (mseq == sizeof(Lmemory1) / sizeof(Lmemory1[0]))
    138c:	03600713          	li	a4,54
            mseq++;
    1390:	0785                	addi	a5,a5,1
    1392:	07c2                	slli	a5,a5,0x10
    1394:	83c1                	srli	a5,a5,0x10
            if (mseq == sizeof(Lmemory1) / sizeof(Lmemory1[0]))
    1396:	00e78563          	beq	a5,a4,13a0 <main+0x118a>
            mseq++;
    139a:	80f19c23          	sh	a5,-2024(gp) # 20000018 <mseq>
    139e:	a031                	j	13aa <main+0x1194>
                mseq = 0;
    13a0:	80019c23          	sh	zero,-2024(gp) # 20000018 <mseq>
                msel++;
    13a4:	4785                	li	a5,1
                msel++;
    13a6:	80f19b23          	sh	a5,-2026(gp) # 20000016 <msel>
            GPIO_digitalWrite(GPIOv_from_PORT_PIN(GPIO_port_D, 6), low);
    13aa:	00400737          	lui	a4,0x400
    13ae:	40048793          	addi	a5,s1,1024
    13b2:	cb98                	sw	a4,16(a5)
            GPIO_digitalWrite(GPIOv_from_PORT_PIN(GPIO_port_D, 2), high);
    13b4:	4711                	li	a4,4
    13b6:	884ff06f          	j	43a <main+0x224>
        if (mdycount == 0 && !count)
    13ba:	fbe5                	bnez	a5,13aa <main+0x1194>
    13bc:	83c1a783          	lw	a5,-1988(gp) # 2000003c <count>
    13c0:	f7ed                	bnez	a5,13aa <main+0x1194>
            settone(Melody[Lmemory2[mseq]], DEF_VOL, 300);
    13c2:	8181d783          	lhu	a5,-2024(gp) # 20000018 <mseq>
    13c6:	6709                	lui	a4,0x2
    13c8:	df870713          	addi	a4,a4,-520 # 1df8 <Melody>
    13cc:	00f70633          	add	a2,a4,a5
    13d0:	25064603          	lbu	a2,592(a2)
    13d4:	200005b7          	lui	a1,0x20000
    13d8:	0005c583          	lbu	a1,0(a1) # 20000000 <DEF_VOL>
    13dc:	0606                	slli	a2,a2,0x1
    13de:	9732                	add	a4,a4,a2
    13e0:	00075503          	lhu	a0,0(a4)
    13e4:	12c00613          	li	a2,300
    13e8:	c43e                	sw	a5,8(sp)
    13ea:	ccdfe0ef          	jal	ra,b6 <settone>
            mseq++;
    13ee:	47a2                	lw	a5,8(sp)
            if (mseq == sizeof(Lmemory2) / sizeof(Lmemory2[0]))
    13f0:	473d                	li	a4,15
            mseq++;
    13f2:	0785                	addi	a5,a5,1
    13f4:	07c2                	slli	a5,a5,0x10
    13f6:	83c1                	srli	a5,a5,0x10
            if (mseq == sizeof(Lmemory2) / sizeof(Lmemory2[0]))
    13f8:	fae791e3          	bne	a5,a4,139a <main+0x1184>
                mseq = 0;
    13fc:	80019c23          	sh	zero,-2024(gp) # 20000018 <mseq>
                msel++;
    1400:	4789                	li	a5,2
    1402:	b755                	j	13a6 <main+0x1190>
        if (mdycount == 0 && !count)
    1404:	f3dd                	bnez	a5,13aa <main+0x1194>
    1406:	83c1a783          	lw	a5,-1988(gp) # 2000003c <count>
    140a:	f3c5                	bnez	a5,13aa <main+0x1194>
            settone(Melody[Lmemory3[mseq]], DEF_VOL, 150);
    140c:	8181d783          	lhu	a5,-2024(gp) # 20000018 <mseq>
    1410:	6709                	lui	a4,0x2
    1412:	df870713          	addi	a4,a4,-520 # 1df8 <Melody>
    1416:	00f70633          	add	a2,a4,a5
    141a:	26064603          	lbu	a2,608(a2)
    141e:	200005b7          	lui	a1,0x20000
    1422:	0005c583          	lbu	a1,0(a1) # 20000000 <DEF_VOL>
    1426:	0606                	slli	a2,a2,0x1
    1428:	9732                	add	a4,a4,a2
    142a:	00075503          	lhu	a0,0(a4)
    142e:	09600613          	li	a2,150
    1432:	c43e                	sw	a5,8(sp)
    1434:	c83fe0ef          	jal	ra,b6 <settone>
            mseq++;
    1438:	47a2                	lw	a5,8(sp)
            if (mseq == sizeof(Lmemory3) / sizeof(Lmemory3[0]))
    143a:	05000713          	li	a4,80
            mseq++;
    143e:	0785                	addi	a5,a5,1
    1440:	07c2                	slli	a5,a5,0x10
    1442:	83c1                	srli	a5,a5,0x10
            if (mseq == sizeof(Lmemory3) / sizeof(Lmemory3[0]))
    1444:	f4e79be3          	bne	a5,a4,139a <main+0x1184>
                mseq = 0;
    1448:	80019c23          	sh	zero,-2024(gp) # 20000018 <mseq>
                msel++;
    144c:	478d                	li	a5,3
    144e:	bfa1                	j	13a6 <main+0x1190>
        if (mdycount == 0 && !count)
    1450:	ffa9                	bnez	a5,13aa <main+0x1194>
    1452:	83c1a783          	lw	a5,-1988(gp) # 2000003c <count>
    1456:	fbb1                	bnez	a5,13aa <main+0x1194>
            settone(Melody[Lmemory4[mseq]], DEF_VOL, 150);
    1458:	8181d783          	lhu	a5,-2024(gp) # 20000018 <mseq>
    145c:	6709                	lui	a4,0x2
    145e:	df870713          	addi	a4,a4,-520 # 1df8 <Melody>
    1462:	00f70633          	add	a2,a4,a5
    1466:	2b064603          	lbu	a2,688(a2)
    146a:	200005b7          	lui	a1,0x20000
    146e:	0005c583          	lbu	a1,0(a1) # 20000000 <DEF_VOL>
    1472:	0606                	slli	a2,a2,0x1
    1474:	9732                	add	a4,a4,a2
    1476:	00075503          	lhu	a0,0(a4)
    147a:	09600613          	li	a2,150
    147e:	c43e                	sw	a5,8(sp)
    1480:	c37fe0ef          	jal	ra,b6 <settone>
            mseq++;
    1484:	47a2                	lw	a5,8(sp)
            if (mseq == sizeof(Lmemory4) / sizeof(Lmemory4[0]))
    1486:	4741                	li	a4,16
            mseq++;
    1488:	0785                	addi	a5,a5,1
    148a:	07c2                	slli	a5,a5,0x10
    148c:	83c1                	srli	a5,a5,0x10
            if (mseq == sizeof(Lmemory4) / sizeof(Lmemory4[0]))
    148e:	f0e796e3          	bne	a5,a4,139a <main+0x1184>
                mseq = 0;
    1492:	80019c23          	sh	zero,-2024(gp) # 20000018 <mseq>
                msel++;
    1496:	4791                	li	a5,4
    1498:	b739                	j	13a6 <main+0x1190>
        if (mdycount == 0 && !count)
    149a:	f00798e3          	bnez	a5,13aa <main+0x1194>
    149e:	83c1a783          	lw	a5,-1988(gp) # 2000003c <count>
    14a2:	f00794e3          	bnez	a5,13aa <main+0x1194>
            settone(Melody[Lmemory5[mseq]], DEF_VOL, 150);
    14a6:	8181d783          	lhu	a5,-2024(gp) # 20000018 <mseq>
    14aa:	6709                	lui	a4,0x2
    14ac:	df870713          	addi	a4,a4,-520 # 1df8 <Melody>
    14b0:	00f70633          	add	a2,a4,a5
    14b4:	2c064603          	lbu	a2,704(a2)
    14b8:	200005b7          	lui	a1,0x20000
    14bc:	0005c583          	lbu	a1,0(a1) # 20000000 <DEF_VOL>
    14c0:	0606                	slli	a2,a2,0x1
    14c2:	9732                	add	a4,a4,a2
    14c4:	00075503          	lhu	a0,0(a4)
    14c8:	09600613          	li	a2,150
    14cc:	c43e                	sw	a5,8(sp)
    14ce:	be9fe0ef          	jal	ra,b6 <settone>
            mseq++;
    14d2:	47a2                	lw	a5,8(sp)
            if (mseq == sizeof(Lmemory5) / sizeof(Lmemory5[0]))
    14d4:	475d                	li	a4,23
            mseq++;
    14d6:	0785                	addi	a5,a5,1
    14d8:	07c2                	slli	a5,a5,0x10
    14da:	83c1                	srli	a5,a5,0x10
            if (mseq == sizeof(Lmemory5) / sizeof(Lmemory5[0]))
    14dc:	eae79fe3          	bne	a5,a4,139a <main+0x1184>
                mseq = 0;
    14e0:	80019c23          	sh	zero,-2024(gp) # 20000018 <mseq>
                msel++;
    14e4:	4795                	li	a5,5
    14e6:	b5c1                	j	13a6 <main+0x1190>
        if (mdycount == 0 && !count)
    14e8:	ec0791e3          	bnez	a5,13aa <main+0x1194>
    14ec:	83c1a783          	lw	a5,-1988(gp) # 2000003c <count>
    14f0:	ea079de3          	bnez	a5,13aa <main+0x1194>
            settone(Melody[Lmemory6[mseq]], DEF_VOL, 150);
    14f4:	8181d783          	lhu	a5,-2024(gp) # 20000018 <mseq>
    14f8:	6709                	lui	a4,0x2
    14fa:	df870713          	addi	a4,a4,-520 # 1df8 <Melody>
    14fe:	00f70633          	add	a2,a4,a5
    1502:	2d864603          	lbu	a2,728(a2)
    1506:	200005b7          	lui	a1,0x20000
    150a:	0005c583          	lbu	a1,0(a1) # 20000000 <DEF_VOL>
    150e:	0606                	slli	a2,a2,0x1
    1510:	9732                	add	a4,a4,a2
    1512:	00075503          	lhu	a0,0(a4)
    1516:	09600613          	li	a2,150
    151a:	c43e                	sw	a5,8(sp)
    151c:	b9bfe0ef          	jal	ra,b6 <settone>
            mseq++;
    1520:	47a2                	lw	a5,8(sp)
            if (mseq == sizeof(Lmemory6) / sizeof(Lmemory6[0]))
    1522:	10e00713          	li	a4,270
            mseq++;
    1526:	0785                	addi	a5,a5,1
    1528:	07c2                	slli	a5,a5,0x10
    152a:	83c1                	srli	a5,a5,0x10
            if (mseq == sizeof(Lmemory6) / sizeof(Lmemory6[0]))
    152c:	e6e797e3          	bne	a5,a4,139a <main+0x1184>
                mseq = 0;
    1530:	80019c23          	sh	zero,-2024(gp) # 20000018 <mseq>
                msel = 0;
    1534:	80019b23          	sh	zero,-2026(gp) # 20000016 <msel>
    1538:	bd8d                	j	13aa <main+0x1194>
    153a:	c032                	sw	a2,0(sp)
  NVIC->IRER[((uint32_t)(IRQn) >> 5)] = (1 << ((uint32_t)(IRQn) & 0x1F));
    153c:	e000e737          	lui	a4,0xe000e
    1540:	6585                	lui	a1,0x1
    1542:	18b72023          	sw	a1,384(a4) # e000e180 <__global_pointer$+0xc000d980>
                usb_setup();
    1546:	b9ffe0ef          	jal	ra,e4 <usb_setup>
    154a:	4602                	lw	a2,0(sp)
    154c:	fb5fe06f          	j	500 <main+0x2ea>
                switch (DEF_VOL)
    1550:	0de00513          	li	a0,222
    1554:	00a60b63          	beq	a2,a0,156a <main+0x1354>
    1558:	0fa00513          	li	a0,250
    155c:	00a60463          	beq	a2,a0,1564 <main+0x134e>
    1560:	ffffe06f          	j	55e <main+0x348>
                case 250: DEF_VOL = 150; break;
    1564:	f9600613          	li	a2,-106
    1568:	a011                	j	156c <main+0x1356>
                case 222: DEF_VOL = 250; break;
    156a:	5669                	li	a2,-6
                case 250: DEF_VOL = 150; break;
    156c:	00c70023          	sb	a2,0(a4)
    1570:	feffe06f          	j	55e <main+0x348>
                case 150: DEF_VOL = 180; break;
    1574:	fb400613          	li	a2,-76
    1578:	bfd5                	j	156c <main+0x1356>
                case 180: DEF_VOL = 200; break;
    157a:	fc800613          	li	a2,-56
    157e:	b7fd                	j	156c <main+0x1356>
                case 200: DEF_VOL = 222; break;
    1580:	fde00613          	li	a2,-34
    1584:	b7e5                	j	156c <main+0x1356>
                is0Lm1Us = !is0Lm1Us;
    1586:	47b2                	lw	a5,12(sp)
                Delay_Ms(500);
    1588:	016e3537          	lui	a0,0x16e3
    158c:	60050513          	addi	a0,a0,1536 # 16e3600 <rv003usb.c.9262a2f3+0x16dff02>
                is0Lm1Us = !is0Lm1Us;
    1590:	81e1c703          	lbu	a4,-2018(gp) # 2000001e <is0Lm1Us>
    1594:	c02e                	sw	a1,0(sp)
    1596:	00173713          	seqz	a4,a4
    159a:	80e18f23          	sb	a4,-2018(gp) # 2000001e <is0Lm1Us>
                msel=toneseq=mdy=mdycount=count=mseq=0;
    159e:	80019c23          	sh	zero,-2024(gp) # 20000018 <mseq>
    15a2:	8201ae23          	sw	zero,-1988(gp) # 2000003c <count>
    15a6:	8201aa23          	sw	zero,-1996(gp) # 20000034 <mdycount>
    15aa:	82019023          	sh	zero,-2016(gp) # 20000020 <mdy>
    15ae:	82018123          	sb	zero,-2014(gp) # 20000022 <toneseq>
    15b2:	80019b23          	sh	zero,-2026(gp) # 20000016 <msel>
                Delay_Ms(500);
    15b6:	aebfe0ef          	jal	ra,a0 <DelaySysTick>
    15ba:	e000e737          	lui	a4,0xe000e
    15be:	6605                	lui	a2,0x1
    15c0:	18c72023          	sw	a2,384(a4) # e000e180 <__global_pointer$+0xc000d980>
                usb_setup();
    15c4:	b21fe0ef          	jal	ra,e4 <usb_setup>
    15c8:	4582                	lw	a1,0(sp)
    15ca:	f95fe06f          	j	55e <main+0x348>
        else if(kchat01<50) kchat01=0;
    15ce:	03100613          	li	a2,49
    15d2:	00e67463          	bgeu	a2,a4,15da <main+0x13c4>
    15d6:	806ff06f          	j	5dc <main+0x3c6>
    15da:	80019d23          	sh	zero,-2022(gp) # 2000001a <kchat01>
    15de:	ffffe06f          	j	5dc <main+0x3c6>

000015e2 <SysTick_Handler>:
{
    15e2:	1111                	addi	sp,sp,-28
    15e4:	c03e                	sw	a5,0(sp)
    SysTick->CMP += (48 * 4);
    15e6:	e000f7b7          	lui	a5,0xe000f
{
    15ea:	c23a                	sw	a4,4(sp)
    SysTick->CMP += (48 * 4);
    15ec:	4b98                	lw	a4,16(a5)
{
    15ee:	c436                	sw	a3,8(sp)
    15f0:	cc1a                	sw	t1,24(sp)
    15f2:	ca2a                	sw	a0,20(sp)
    15f4:	c82e                	sw	a1,16(sp)
    15f6:	c632                	sw	a2,12(sp)
    SysTick->CMP += (48 * 4);
    15f8:	0c070713          	addi	a4,a4,192
    15fc:	cb98                	sw	a4,16(a5)
    SysTick->SR = 0;
    15fe:	0007a223          	sw	zero,4(a5) # e000f004 <__global_pointer$+0xc000e804>
    subcount = count ? subcount + 1 : 0;
    1602:	83c1a783          	lw	a5,-1988(gp) # 2000003c <count>
    1606:	c781                	beqz	a5,160e <SysTick_Handler+0x2c>
    1608:	8381a783          	lw	a5,-1992(gp) # 20000038 <subcount>
    160c:	0785                	addi	a5,a5,1
    160e:	82f1ac23          	sw	a5,-1992(gp) # 20000038 <subcount>
    if (count && subcount >= 250)
    1612:	83c1a783          	lw	a5,-1988(gp) # 2000003c <count>
    1616:	cf91                	beqz	a5,1632 <SysTick_Handler+0x50>
    1618:	8381a603          	lw	a2,-1992(gp) # 20000038 <subcount>
    161c:	0f900793          	li	a5,249
    1620:	00c7f963          	bgeu	a5,a2,1632 <SysTick_Handler+0x50>
        count--;
    1624:	83c1a783          	lw	a5,-1988(gp) # 2000003c <count>
    1628:	17fd                	addi	a5,a5,-1
    162a:	82f1ae23          	sw	a5,-1988(gp) # 2000003c <count>
        subcount = 0;
    162e:	8201ac23          	sw	zero,-1992(gp) # 20000038 <subcount>
    mdycount = mdycount ? mdycount - 1 : 0;
    1632:	8341a703          	lw	a4,-1996(gp) # 20000034 <mdycount>
    1636:	c701                	beqz	a4,163e <SysTick_Handler+0x5c>
    1638:	8341a703          	lw	a4,-1996(gp) # 20000034 <mdycount>
    163c:	177d                	addi	a4,a4,-1
    163e:	82e1aa23          	sw	a4,-1996(gp) # 20000034 <mdycount>
    if (!GPIO_digitalRead(GPIOv_from_PORT_PIN(GPIO_port_A, 1)))
    1642:	40011737          	lui	a4,0x40011
    1646:	80070713          	addi	a4,a4,-2048 # 40010800 <__global_pointer$+0x20010000>
    164a:	4718                	lw	a4,8(a4)
    164c:	8305                	srli	a4,a4,0x1
    164e:	8b05                	andi	a4,a4,1
    1650:	ef1d                	bnez	a4,168e <SysTick_Handler+0xac>
        keytime0 = keytime0 < 250000 ? keytime0 + 1 : keytime0;
    1652:	8301a703          	lw	a4,-2000(gp) # 20000030 <keytime0>
    1656:	0003d5b7          	lui	a1,0x3d
    165a:	08f58593          	addi	a1,a1,143 # 3d08f <rv003usb.c.9262a2f3+0x39991>
    165e:	00e5e363          	bltu	a1,a4,1664 <SysTick_Handler+0x82>
    1662:	0705                	addi	a4,a4,1
    1664:	82e1a823          	sw	a4,-2000(gp) # 20000030 <keytime0>
    if(ledcount==50000 && istoneon ){
    1668:	8281a303          	lw	t1,-2008(gp) # 20000028 <ledcount>
    166c:	8231c503          	lbu	a0,-2013(gp) # 20000023 <istoneon>
    1670:	6631                	lui	a2,0xc
    1672:	35060613          	addi	a2,a2,848 # c350 <rv003usb.c.9262a2f3+0x8c52>
    1676:	82c1a583          	lw	a1,-2004(gp) # 2000002c <ledcount+0x4>
    167a:	00c31d63          	bne	t1,a2,1694 <SysTick_Handler+0xb2>
    167e:	e999                	bnez	a1,1694 <SysTick_Handler+0xb2>
    1680:	cd45                	beqz	a0,1738 <SysTick_Handler+0x156>
         GPIO_digitalWrite(GPIOv_from_PORT_PIN(GPIO_port_C, 7), high);
    1682:	40011637          	lui	a2,0x40011
    1686:	08000593          	li	a1,128
    else if(!istoneon) GPIO_digitalWrite(GPIOv_from_PORT_PIN(GPIO_port_C, 7), low);
    168a:	ca0c                	sw	a1,16(a2)
    168c:	a035                	j	16b8 <SysTick_Handler+0xd6>
        keytime0 = 0;
    168e:	8201a823          	sw	zero,-2000(gp) # 20000030 <keytime0>
    1692:	bfd9                	j	1668 <SysTick_Handler+0x86>
    else if(ledcount==100000 && istoneon ){
    1694:	6661                	lui	a2,0x18
    1696:	6a060613          	addi	a2,a2,1696 # 186a0 <rv003usb.c.9262a2f3+0x14fa2>
    169a:	08c31e63          	bne	t1,a2,1736 <SysTick_Handler+0x154>
    169e:	edc1                	bnez	a1,1736 <SysTick_Handler+0x154>
    16a0:	cd41                	beqz	a0,1738 <SysTick_Handler+0x156>
         GPIO_digitalWrite(GPIOv_from_PORT_PIN(GPIO_port_C, 7), low);
    16a2:	40011637          	lui	a2,0x40011
    16a6:	008005b7          	lui	a1,0x800
    16aa:	ca0c                	sw	a1,16(a2)
         ledcount=0;
    16ac:	4581                	li	a1,0
    16ae:	4601                	li	a2,0
    16b0:	82b1a423          	sw	a1,-2008(gp) # 20000028 <ledcount>
    16b4:	82c1a623          	sw	a2,-2004(gp) # 2000002c <ledcount+0x4>
    ledcount=ledcount<100000?ledcount+1:ledcount;
    16b8:	82c1a603          	lw	a2,-2004(gp) # 2000002c <ledcount+0x4>
    16bc:	8281a583          	lw	a1,-2008(gp) # 20000028 <ledcount>
    16c0:	ea19                	bnez	a2,16d6 <SysTick_Handler+0xf4>
    16c2:	6361                	lui	t1,0x18
    16c4:	69f30313          	addi	t1,t1,1695 # 1869f <rv003usb.c.9262a2f3+0x14fa1>
    16c8:	00b36763          	bltu	t1,a1,16d6 <SysTick_Handler+0xf4>
    16cc:	00158313          	addi	t1,a1,1 # 800001 <rv003usb.c.9262a2f3+0x7fc903>
    16d0:	00b33633          	sltu	a2,t1,a1
    16d4:	859a                	mv	a1,t1
    16d6:	82b1a423          	sw	a1,-2008(gp) # 20000028 <ledcount>
    16da:	82c1a623          	sw	a2,-2004(gp) # 2000002c <ledcount+0x4>
    if(istoneon) tone();
    16de:	c131                	beqz	a0,1722 <SysTick_Handler+0x140>
    if (!toneseq || !mdy) return;
    16e0:	8221c583          	lbu	a1,-2014(gp) # 20000022 <toneseq>
    16e4:	862a                	mv	a2,a0
    16e6:	cd95                	beqz	a1,1722 <SysTick_Handler+0x140>
    16e8:	8201d703          	lhu	a4,-2016(gp) # 20000020 <mdy>
    16ec:	cb1d                	beqz	a4,1722 <SysTick_Handler+0x140>
    if (mdycount == 0 && count)
    16ee:	8341a303          	lw	t1,-1996(gp) # 20000034 <mdycount>
    16f2:	04031863          	bnez	t1,1742 <SysTick_Handler+0x160>
    16f6:	83c1a303          	lw	t1,-1988(gp) # 2000003c <count>
    16fa:	04030463          	beqz	t1,1742 <SysTick_Handler+0x160>
    case 0: TIM2->CH1CVR = width; break;
    16fe:	40000637          	lui	a2,0x40000
    1702:	02062a23          	sw	zero,52(a2) # 40000034 <__global_pointer$+0x1ffff834>
    TIM2->SWEVGR |= TIM_UG; // load new value in compare capture register
    1706:	01465683          	lhu	a3,20(a2)
        mdycount = mdy * 2;
    170a:	0706                	slli	a4,a4,0x1
    TIM2->SWEVGR |= TIM_UG; // load new value in compare capture register
    170c:	06c2                	slli	a3,a3,0x10
    170e:	82c1                	srli	a3,a3,0x10
    1710:	0016e693          	ori	a3,a3,1
    1714:	00d61a23          	sh	a3,20(a2)
        mdycount = mdy * 2;
    1718:	82e1aa23          	sw	a4,-1996(gp) # 20000034 <mdycount>
        toneseq = 1;
    171c:	4785                	li	a5,1
    171e:	82f18123          	sb	a5,-2014(gp) # 20000022 <toneseq>
}
    1722:	4362                	lw	t1,24(sp)
    1724:	4552                	lw	a0,20(sp)
    1726:	45c2                	lw	a1,16(sp)
    1728:	4632                	lw	a2,12(sp)
    172a:	46a2                	lw	a3,8(sp)
    172c:	4712                	lw	a4,4(sp)
    172e:	4782                	lw	a5,0(sp)
    1730:	0171                	addi	sp,sp,28
    1732:	30200073          	mret
    else if(!istoneon) GPIO_digitalWrite(GPIOv_from_PORT_PIN(GPIO_port_C, 7), low);
    1736:	f149                	bnez	a0,16b8 <SysTick_Handler+0xd6>
    1738:	40011637          	lui	a2,0x40011
    173c:	008005b7          	lui	a1,0x800
    1740:	b7a9                	j	168a <SysTick_Handler+0xa8>
    else if (mdycount == 0 && count == 0)
    1742:	8341a503          	lw	a0,-1996(gp) # 20000034 <mdycount>
    1746:	e11d                	bnez	a0,176c <SysTick_Handler+0x18a>
    1748:	83c1a683          	lw	a3,-1988(gp) # 2000003c <count>
    174c:	e285                	bnez	a3,176c <SysTick_Handler+0x18a>
    case 0: TIM2->CH1CVR = width; break;
    174e:	40000737          	lui	a4,0x40000
    1752:	02072a23          	sw	zero,52(a4) # 40000034 <__global_pointer$+0x1ffff834>
    TIM2->SWEVGR |= TIM_UG; // load new value in compare capture register
    1756:	01475783          	lhu	a5,20(a4)
    175a:	07c2                	slli	a5,a5,0x10
    175c:	83c1                	srli	a5,a5,0x10
    175e:	0017e793          	ori	a5,a5,1
    1762:	00f71a23          	sh	a5,20(a4)
        toneseq = 0;
    1766:	82018123          	sb	zero,-2014(gp) # 20000022 <toneseq>
    176a:	bf65                	j	1722 <SysTick_Handler+0x140>
    else if (mdycount >= mdy && toneseq == 1)
    176c:	8341a683          	lw	a3,-1996(gp) # 20000034 <mdycount>
    1770:	02e6e563          	bltu	a3,a4,179a <SysTick_Handler+0x1b8>
    1774:	4685                	li	a3,1
    1776:	02d59263          	bne	a1,a3,179a <SysTick_Handler+0x1b8>
    case 0: TIM2->CH1CVR = width; break;
    177a:	40000737          	lui	a4,0x40000
    177e:	02072a23          	sw	zero,52(a4) # 40000034 <__global_pointer$+0x1ffff834>
    TIM2->SWEVGR |= TIM_UG; // load new value in compare capture register
    1782:	01475783          	lhu	a5,20(a4)
    1786:	07c2                	slli	a5,a5,0x10
    1788:	83c1                	srli	a5,a5,0x10
    178a:	0017e793          	ori	a5,a5,1
    178e:	00f71a23          	sh	a5,20(a4)
        toneseq = 2;
    1792:	4789                	li	a5,2
        toneseq = 1;
    1794:	82f18123          	sb	a5,-2014(gp) # 20000022 <toneseq>
    1798:	b769                	j	1722 <SysTick_Handler+0x140>
    else if (mdycount < mdy && toneseq == 2)
    179a:	8341a783          	lw	a5,-1996(gp) # 20000034 <mdycount>
    179e:	f8e7f2e3          	bgeu	a5,a4,1722 <SysTick_Handler+0x140>
    17a2:	4789                	li	a5,2
    17a4:	f6f59fe3          	bne	a1,a5,1722 <SysTick_Handler+0x140>
    case 0: TIM2->CH1CVR = width; break;
    17a8:	81f1c783          	lbu	a5,-2017(gp) # 2000001f <volume>
    17ac:	40000737          	lui	a4,0x40000
    17b0:	db5c                	sw	a5,52(a4)
    TIM2->SWEVGR |= TIM_UG; // load new value in compare capture register
    17b2:	01475783          	lhu	a5,20(a4) # 40000014 <__global_pointer$+0x1ffff814>
    17b6:	07c2                	slli	a5,a5,0x10
    17b8:	83c1                	srli	a5,a5,0x10
    17ba:	0017e793          	ori	a5,a5,1
    17be:	00f71a23          	sh	a5,20(a4)
        toneseq = 1;
    17c2:	4785                	li	a5,1
    17c4:	bfc1                	j	1794 <SysTick_Handler+0x1b2>

000017c6 <usb_pid_handle_in>:
	ist->current_endpoint = endp;
	struct usb_endpoint * e = &ist->eps[endp];

	int tosend = 0;
	uint8_t * sendnow;
	int sendtok = e->toggle_in?0b01001011:0b11000011;
    17c6:	00561793          	slli	a5,a2,0x5
    17ca:	00f706b3          	add	a3,a4,a5
	ist->current_endpoint = endp;
    17ce:	c310                	sw	a2,0(a4)
	int sendtok = e->toggle_in?0b01001011:0b11000011;
    17d0:	528c                	lw	a1,32(a3)
    17d2:	0c300693          	li	a3,195
    17d6:	c199                	beqz	a1,17dc <usb_pid_handle_in+0x16>
    17d8:	04b00693          	li	a3,75

#if RV003USB_HANDLE_IN_REQUEST
	if( e->custom || endp )
    17dc:	97ba                	add	a5,a5,a4
    17de:	579c                	lw	a5,40(a5)
    17e0:	8fd1                	or	a5,a5,a2
    17e2:	cfc5                	beqz	a5,189a <usb_pid_handle_in+0xd4>
}

//USB HID 인터럽트
void usb_handle_user_in_request( struct usb_endpoint * e, uint8_t * scratchpad, int endp, uint32_t sendtok, struct rv003usb_internal * ist )
{
	if( endp == 2 )
    17e4:	4789                	li	a5,2
    17e6:	0cf61563          	bne	a2,a5,18b0 <usb_pid_handle_in+0xea>
{
    17ea:	1151                	addi	sp,sp,-12
    17ec:	c222                	sw	s0,4(sp)
	{
		// Keyboard (8 bytes)

        usb_send_data(tsajoystick, 8, 0, sendtok); //USB HID 데이터 전송
    17ee:	20000437          	lui	s0,0x20000
    17f2:	4601                	li	a2,0
    17f4:	45a1                	li	a1,8
    17f6:	00c40513          	addi	a0,s0,12 # 2000000c <tsajoystick>
    17fa:	c406                	sw	ra,8(sp)
    17fc:	210d                	jal	1c1e <usb_send_data>

        //1번키 하강트리거, 키보드 CTRL+V
        if (!GPIO_digitalRead(GPIOv_from_PORT_PIN(GPIO_port_C, 2)) && !last_key1)
    17fe:	40011637          	lui	a2,0x40011
    1802:	4618                	lw	a4,8(a2)
    1804:	00c40793          	addi	a5,s0,12
    1808:	8309                	srli	a4,a4,0x2
    180a:	8b05                	andi	a4,a4,1
    180c:	200006b7          	lui	a3,0x20000
    1810:	e339                	bnez	a4,1856 <usb_pid_handle_in+0x90>
    1812:	8091c703          	lbu	a4,-2039(gp) # 20000009 <last_key1>
    1816:	e321                	bnez	a4,1856 <usb_pid_handle_in+0x90>
        {
            tsajoystick[0] = 0x01; //키보드 LEFT CTRL
    1818:	4705                	li	a4,1
    181a:	00e78023          	sb	a4,0(a5)
            tsajoystick[4] = 4 + 'v' - 'a'; //키보드 v
    181e:	4765                	li	a4,25
        }
        //1번키 하강트리거, 키보드 CTRL+C
        else if (!GPIO_digitalRead(GPIOv_from_PORT_PIN(GPIO_port_C, 3)) && !last_key2)
        {
            tsajoystick[0] = 0x01; //키보드 LEFT CTRL
            tsajoystick[4] = 4 + 'c' - 'a'; //키보드 c
    1820:	00e78223          	sb	a4,4(a5)
            GPIO_digitalWrite(GPIOv_from_PORT_PIN(GPIO_port_D, 7), high); //녹색 LED 점등
    1824:	40060613          	addi	a2,a2,1024 # 40011400 <__global_pointer$+0x20010c00>
    1828:	08000793          	li	a5,128
    182c:	ca1c                	sw	a5,16(a2)
            tsajoystick[4] = 0;
            tsajoystick[0] = 0;
        }

        //이전에 눌린 키 저장(1번, 2번)
        last_key1 = !GPIO_digitalRead(GPIOv_from_PORT_PIN(GPIO_port_C, 2));
    182e:	40011737          	lui	a4,0x40011
    1832:	471c                	lw	a5,8(a4)
	}
	else
	{
		usb_send_data( sendnow, tosend, 0, sendtok );
	}
}
    1834:	40a2                	lw	ra,8(sp)
    1836:	4412                	lw	s0,4(sp)
    1838:	8389                	srli	a5,a5,0x2
    183a:	fff7c793          	not	a5,a5
    183e:	8b85                	andi	a5,a5,1
    1840:	80f184a3          	sb	a5,-2039(gp) # 20000009 <last_key1>
        last_key2 = !GPIO_digitalRead(GPIOv_from_PORT_PIN(GPIO_port_C, 3));
    1844:	471c                	lw	a5,8(a4)
    1846:	838d                	srli	a5,a5,0x3
    1848:	fff7c793          	not	a5,a5
    184c:	8b85                	andi	a5,a5,1
    184e:	00f68423          	sb	a5,8(a3) # 20000008 <last_key2>
    1852:	0131                	addi	sp,sp,12
    1854:	8082                	ret
        else if (!GPIO_digitalRead(GPIOv_from_PORT_PIN(GPIO_port_C, 3)) && !last_key2)
    1856:	40011637          	lui	a2,0x40011
    185a:	4618                	lw	a4,8(a2)
    185c:	830d                	srli	a4,a4,0x3
    185e:	8b05                	andi	a4,a4,1
    1860:	eb09                	bnez	a4,1872 <usb_pid_handle_in+0xac>
    1862:	0086c703          	lbu	a4,8(a3)
    1866:	e711                	bnez	a4,1872 <usb_pid_handle_in+0xac>
            tsajoystick[0] = 0x01; //키보드 LEFT CTRL
    1868:	4705                	li	a4,1
    186a:	00e78023          	sb	a4,0(a5)
            tsajoystick[4] = 4 + 'c' - 'a'; //키보드 c
    186e:	4719                	li	a4,6
    1870:	bf45                	j	1820 <usb_pid_handle_in+0x5a>
            if (GPIO_digitalRead(GPIOv_from_PORT_PIN(GPIO_port_C, 2)) && GPIO_digitalRead(GPIOv_from_PORT_PIN(GPIO_port_C, 3))) GPIO_digitalWrite(GPIOv_from_PORT_PIN(GPIO_port_D, 7), low); //녹색 LED 소등
    1872:	40011737          	lui	a4,0x40011
    1876:	4710                	lw	a2,8(a4)
    1878:	8209                	srli	a2,a2,0x2
    187a:	8a05                	andi	a2,a2,1
    187c:	ca11                	beqz	a2,1890 <usb_pid_handle_in+0xca>
    187e:	4710                	lw	a2,8(a4)
    1880:	820d                	srli	a2,a2,0x3
    1882:	8a05                	andi	a2,a2,1
    1884:	c611                	beqz	a2,1890 <usb_pid_handle_in+0xca>
    1886:	40070713          	addi	a4,a4,1024 # 40011400 <__global_pointer$+0x20010c00>
    188a:	00800637          	lui	a2,0x800
    188e:	cb10                	sw	a2,16(a4)
            tsajoystick[4] = 0;
    1890:	00078223          	sb	zero,4(a5)
            tsajoystick[0] = 0;
    1894:	00078023          	sb	zero,0(a5)
    1898:	bf59                	j	182e <usb_pid_handle_in+0x68>
	int offset = (e->count)<<3;
    189a:	4f48                	lw	a0,28(a4)
	sendnow = tsend + offset;
    189c:	5f1c                	lw	a5,56(a4)
	tosend = (int)e->max_len - offset;
    189e:	574c                	lw	a1,44(a4)
	int offset = (e->count)<<3;
    18a0:	050e                	slli	a0,a0,0x3
	tosend = (int)e->max_len - offset;
    18a2:	8d89                	sub	a1,a1,a0
	sendnow = tsend + offset;
    18a4:	953e                	add	a0,a0,a5
	if( tosend > ENDPOINT0_SIZE ) tosend = ENDPOINT0_SIZE;
    18a6:	47a1                	li	a5,8
    18a8:	00b7c663          	blt	a5,a1,18b4 <usb_pid_handle_in+0xee>
	if( tosend <= 0 )
    18ac:	00b04563          	bgtz	a1,18b6 <usb_pid_handle_in+0xf0>
		usb_send_empty( sendtok );
    18b0:	8536                	mv	a0,a3
    18b2:	aeb9                	j	1c10 <usb_send_empty>
	if( tosend > ENDPOINT0_SIZE ) tosend = ENDPOINT0_SIZE;
    18b4:	45a1                	li	a1,8
		usb_send_data( sendnow, tosend, 0, sendtok );
    18b6:	4601                	li	a2,0
    18b8:	a69d                	j	1c1e <usb_send_data>

000018ba <usb_pid_handle_data>:
}

void usb_pid_handle_data( uint32_t this_token, uint8_t * data, uint32_t which_data, uint32_t length, struct rv003usb_internal * ist )
{
	//Received data from host.
	int epno = ist->current_endpoint;
    18ba:	431c                	lw	a5,0(a4)

	length -= 3;
	uint8_t * data_in = __builtin_assume_aligned( data, 4 );

	// Alrady received this packet.
	if( e->toggle_out != which_data )
    18bc:	0796                	slli	a5,a5,0x5
    18be:	97ba                	add	a5,a5,a4
    18c0:	53d4                	lw	a3,36(a5)
    18c2:	06c69c63          	bne	a3,a2,193a <usb_pid_handle_data+0x80>
	{
		goto just_ack;
	}

	e->toggle_out = !e->toggle_out;
    18c6:	0016b693          	seqz	a3,a3
    18ca:	d3d4                	sw	a3,36(a5)
#endif
	}
	else
#endif

	if( ist->setup_request )
    18cc:	4714                	lw	a3,8(a4)
    18ce:	c6b5                	beqz	a3,193a <usb_pid_handle_data+0x80>
		}
#endif

		struct usb_urb * s = __builtin_assume_aligned( (struct usb_urb *)(data_in), 4 );

		uint32_t wvi = s->lValueLSBIndexMSB;
    18d0:	0045d683          	lhu	a3,4(a1) # 800004 <rv003usb.c.9262a2f3+0x7fc906>
    18d4:	0025d603          	lhu	a2,2(a1)
		uint32_t wLength = s->wLength;
    18d8:	0065d503          	lhu	a0,6(a1)
		uint32_t wvi = s->lValueLSBIndexMSB;
    18dc:	06c2                	slli	a3,a3,0x10
    18de:	8ed1                	or	a3,a3,a2
		//int bRequest = s->wRequestTypeLSBRequestMSB >> 8;

		// We shift down because we don't care if USB_RECIP_INTERFACE is set or not.
		// Otherwise we have to write extra code to handle each case if it's set or
		// not set, but in general, there's never a situation where we realy care.
		uint32_t reqShl = s->wRequestTypeLSBRequestMSB >> 1;
    18e0:	0005d603          	lhu	a2,0(a1)
		e->count = 0;
    18e4:	0007ae23          	sw	zero,28(a5)
		e->opaque = 0;
    18e8:	0207ac23          	sw	zero,56(a5)
		e->custom = 0;
    18ec:	0207a423          	sw	zero,40(a5)
		e->max_len = 0;
    18f0:	0207a623          	sw	zero,44(a5)
		ist->setup_request = 0;
    18f4:	00072423          	sw	zero,8(a4)
		uint32_t reqShl = s->wRequestTypeLSBRequestMSB >> 1;
    18f8:	8205                	srli	a2,a2,0x1
			// Class request (Will be writing)  This is hid_send_feature_report
			usb_handle_hid_set_report_start( e, wLength, wvi );
		}
		else
#endif
		if( reqShl == (0x0680>>1) ) // GET_DESCRIPTOR = 6 (msb)
    18fa:	34000593          	li	a1,832
    18fe:	04b61463          	bne	a2,a1,1946 <usb_pid_handle_data+0x8c>
    1902:	6709                	lui	a4,0x2
    1904:	df870713          	addi	a4,a4,-520 # 1df8 <Melody>
    1908:	3e870613          	addi	a2,a4,1000
				if( dl->lIndexValue == wvi )
				{
					e->opaque = (uint8_t*)dl->addr;
					uint16_t swLen = wLength;
					uint16_t elLen = dl->length;
					e->max_len = (swLen < elLen)?swLen:elLen;
    190c:	832a                	mv	t1,a0
    190e:	44870713          	addi	a4,a4,1096
				if( dl->lIndexValue == wvi )
    1912:	420c                	lw	a1,0(a2)
    1914:	02d59063          	bne	a1,a3,1934 <usb_pid_handle_data+0x7a>
					e->opaque = (uint8_t*)dl->addr;
    1918:	424c                	lw	a1,4(a2)
    191a:	df8c                	sw	a1,56(a5)
					uint16_t elLen = dl->length;
    191c:	00864583          	lbu	a1,8(a2) # 800008 <rv003usb.c.9262a2f3+0x7fc90a>
					e->max_len = (swLen < elLen)?swLen:elLen;
    1920:	01059293          	slli	t0,a1,0x10
    1924:	0102d293          	srli	t0,t0,0x10
    1928:	00557363          	bgeu	a0,t0,192e <usb_pid_handle_data+0x74>
    192c:	859a                	mv	a1,t1
    192e:	05c2                	slli	a1,a1,0x10
    1930:	81c1                	srli	a1,a1,0x10
    1932:	d7cc                	sw	a1,44(a5)
			for( i = 0; i < DESCRIPTOR_LIST_ENTRIES; i++ )
    1934:	0631                	addi	a2,a2,12
    1936:	fce61ee3          	bne	a2,a4,1912 <usb_pid_handle_data+0x58>
		}
	}
just_ack:
	{
		//Got the right data.  Acknowledge.
		usb_send_data( 0, 0, 2, 0xD2 ); // Send ACK
    193a:	0d200693          	li	a3,210
    193e:	4609                	li	a2,2
    1940:	4581                	li	a1,0
    1942:	4501                	li	a0,0
    1944:	ace9                	j	1c1e <usb_send_data>
		else if( reqShl == (0x0500>>1) ) // SET_ADDRESS = 0x05
    1946:	28000793          	li	a5,640
    194a:	fef618e3          	bne	a2,a5,193a <usb_pid_handle_data+0x80>
			ist->my_address = wvi;
    194e:	c354                	sw	a3,4(a4)
    1950:	b7ed                	j	193a <usb_pid_handle_data+0x80>
	...

00001954 <EXTI7_0_IRQHandler>:

.section .text.vector_handler
.global EXTI7_0_IRQHandler
.balign 4
EXTI7_0_IRQHandler:
	addi	sp,sp,-80
    1954:	715d                	addi	sp,sp,-80
	sw	a0, 0(sp)
    1956:	c02a                	sw	a0,0(sp)
	sw	a5, 20(sp)
    1958:	ca3e                	sw	a5,20(sp)
	la a5, USB_GPIO_BASE
    195a:	400117b7          	lui	a5,0x40011
    195e:	40078793          	addi	a5,a5,1024 # 40011400 <__global_pointer$+0x20010c00>
	c.lw a0, INDR_OFFSET(a5) // MUST check SE0 immediately.
    1962:	4788                	lw	a0,8(a5)
	c.andi a0, USB_DMASK
    1964:	8961                	andi	a0,a0,24

	sw	a1, 4(sp)
    1966:	c22e                	sw	a1,4(sp)
	sw	a2, 8(sp)
    1968:	c432                	sw	a2,8(sp)
	sw	a3, 12(sp)
    196a:	c636                	sw	a3,12(sp)
	sw	a4, 16(sp)
    196c:	c83a                	sw	a4,16(sp)
	sw	s1, 28(sp)
    196e:	ce26                	sw	s1,28(sp)

	SAVE_DEBUG_MARKER( 48 );
    1970:	d812                	sw	tp,48(sp)
	DEBUG_TICK_SETUP
    1972:	40013237          	lui	tp,0x40013
    1976:	c5820213          	addi	tp,tp,-936 # 40012c58 <__global_pointer$+0x20012458>
	c.lw a1, INDR_OFFSET(a5)
    197a:	478c                	lw	a1,8(a5)
	c.andi a1, USB_DMASK;
    197c:	89e1                	andi	a1,a1,24

	// Finish jump to se0
	c.beqz a0, handle_se0_keepalive
    197e:	22050963          	beqz	a0,1bb0 <handle_se0_keepalive>

	c.lw a0, INDR_OFFSET(a5); c.andi a0, USB_DMASK; bne a0, a1, syncout
    1982:	4788                	lw	a0,8(a5)
    1984:	8961                	andi	a0,a0,24
    1986:	02b51b63          	bne	a0,a1,19bc <syncout>
	c.lw a0, INDR_OFFSET(a5); c.andi a0, USB_DMASK; bne a0, a1, syncout
    198a:	4788                	lw	a0,8(a5)
    198c:	8961                	andi	a0,a0,24
    198e:	02b51763          	bne	a0,a1,19bc <syncout>
	c.lw a0, INDR_OFFSET(a5); c.andi a0, USB_DMASK; bne a0, a1, syncout
    1992:	4788                	lw	a0,8(a5)
    1994:	8961                	andi	a0,a0,24
    1996:	02b51363          	bne	a0,a1,19bc <syncout>
	c.lw a0, INDR_OFFSET(a5); c.andi a0, USB_DMASK; bne a0, a1, syncout
    199a:	4788                	lw	a0,8(a5)
    199c:	8961                	andi	a0,a0,24
    199e:	00b51f63          	bne	a0,a1,19bc <syncout>
	c.lw a0, INDR_OFFSET(a5); c.andi a0, USB_DMASK; bne a0, a1, syncout
    19a2:	4788                	lw	a0,8(a5)
    19a4:	8961                	andi	a0,a0,24
    19a6:	00b51b63          	bne	a0,a1,19bc <syncout>
	c.lw a0, INDR_OFFSET(a5); c.andi a0, USB_DMASK; bne a0, a1, syncout
    19aa:	4788                	lw	a0,8(a5)
    19ac:	8961                	andi	a0,a0,24
    19ae:	00b51763          	bne	a0,a1,19bc <syncout>
	c.lw a0, INDR_OFFSET(a5); c.andi a0, USB_DMASK; bne a0, a1, syncout
    19b2:	4788                	lw	a0,8(a5)
    19b4:	8961                	andi	a0,a0,24
    19b6:	00b51363          	bne	a0,a1,19bc <syncout>
	c.j syncout
    19ba:	a009                	j	19bc <syncout>

000019bc <syncout>:
syncout:
	sw	s0, 24(sp)
    19bc:	cc22                	sw	s0,24(sp)
	li a2, 0
    19be:	4601                	li	a2,0
	sw	t0, 32(sp)  // XXX NOTE: This is actually unused register - remove some day?
    19c0:	d016                	sw	t0,32(sp)
	sw	t1, 36(sp)
    19c2:	d21a                	sw	t1,36(sp)

000019c4 <preamble_loop>:
	
	// This is actually somewhat late.
	// The preamble loop should try to make it earlier.
.balign 4
preamble_loop:
	DEBUG_TICK_MARK
    19c4:	00022023          	sw	zero,0(tp) # 0 <InterruptVector>
	c.lw a0, INDR_OFFSET(a5);
    19c8:	4788                	lw	a0,8(a5)
	c.andi a0, USB_DMASK;
    19ca:	8961                	andi	a0,a0,24
	c.beqz a0, done_usb_message // SE0 here?
    19cc:	18050163          	beqz	a0,1b4e <done_usb_message>
	c.xor a0, a1;
    19d0:	8d2d                	xor	a0,a0,a1
	c.xor a1, a0; // Recover a1.
    19d2:	8da9                	xor	a1,a1,a0
	j 1f; 1: // 4 cycles?
    19d4:	a009                	j	19d6 <preamble_loop+0x12>
	c.beqz a0, done_preamble
    19d6:	c909                	beqz	a0,19e8 <done_preamble>
	j 1f; 1: // 4 cycles?
    19d8:	a009                	j	19da <preamble_loop+0x16>
	c.lw s0, INDR_OFFSET(a5);
    19da:	4780                	lw	s0,8(a5)
	c.andi s0, USB_DMASK;
    19dc:	8861                	andi	s0,s0,24
	c.xor s0, a1
    19de:	8c2d                	xor	s0,s0,a1

	// TRICKY: This helps retime the USB sync.
	// If s0 is nonzero, then it's changed (we're going too slow)
	c.bnez s0, 2f;  // This code takes 6 cycles or 8 cycles, depending.
    19e0:	e011                	bnez	s0,19e4 <preamble_loop+0x20>
	c.j 1f; 1:
    19e2:	a009                	j	19e4 <preamble_loop+0x20>
	2:
	j preamble_loop // 4 cycles
    19e4:	b7c5                	j	19c4 <preamble_loop>
    19e6:	0001                	nop

000019e8 <done_preamble>:
.balign 4
done_preamble:
	sw  t2, 40(sp)
    19e8:	d41e                	sw	t2,40(sp)
	sw  ra, 52(sp)
    19ea:	da06                	sw	ra,52(sp)
	// 16-byte temporary buffer at 56+sp

	// XXX TODO: Do one byte here to determine the header byte and from that set the CRC.
	c.li s1, 8
    19ec:	44a1                	li	s1,8

	// This is the first bit that matters.
	c.li s0, 6 // 1 runs.
    19ee:	4419                	li	s0,6

	c.nop; 
    19f0:	0001                	nop
    19f2:	0001                	nop

000019f4 <packet_type_loop>:
packet_type_loop:
	// Up here to delay loop a tad, and we need to execute them anyway.
	// TODO: Maybe we could further sync bits here instead of take up time?
	// I.e. can we do what we're doing above, here, and take less time, but sync
	// up when possible.
	li a3, 0xffff // Starting CRC of 0.   Because USB doesn't respect reverse CRCing.
    19f4:	66c1                	lui	a3,0x10
    19f6:	16fd                	addi	a3,a3,-1
	li a4, 0xa001
    19f8:	6729                	lui	a4,0xa
    19fa:	0705                	addi	a4,a4,1
	addi  t2, sp, DATA_PTR_OFFSET //rv003usb_internal_data
    19fc:	03f10393          	addi	t2,sp,63
	la  t0, 0x80
    1a00:	08000293          	li	t0,128
	c.nop
    1a04:	0001                	nop
    1a06:	0001                	nop

	DEBUG_TICK_MARK
    1a08:	00022023          	sw	zero,0(tp) # 0 <InterruptVector>
	c.lw a0, INDR_OFFSET(a5);
    1a0c:	4788                	lw	a0,8(a5)
	c.andi a0, USB_DMASK;
    1a0e:	8961                	andi	a0,a0,24
	c.beqz a0, done_usb_message // Not se0 complete, that can't happen here and be valid.
    1a10:	12050f63          	beqz	a0,1b4e <done_usb_message>
	c.xor a0, a1;
    1a14:	8d2d                	xor	a0,a0,a1
	c.xor a1, a0; // Recover a1, for next cycle
    1a16:	8da9                	xor	a1,a1,a0

	// No CRC for the header.
	//c.srli a0, USB_DM
	//c.addi a0, 1 // 00 -> 1, 11 -> 100
	//c.andi a0, 1 // If 1, 1 if 0, 0
        c.nop
    1a18:	0001                	nop
        seqz a0, a0
    1a1a:	00153513          	seqz	a0,a0

	// Write header into byte in reverse order, because we can.
	c.slli a2, 1
    1a1e:	0606                	slli	a2,a2,0x1
	c.or a2, a0
    1a20:	8e49                	or	a2,a2,a0

	// Handle bit stuffing rules.
	c.addi a0, -1 // 0->0xffffffff 1->0
    1a22:	157d                	addi	a0,a0,-1
	c.or s0, a0
    1a24:	8c49                	or	s0,s0,a0
	c.andi s0, 7
    1a26:	881d                	andi	s0,s0,7
	c.addi s0, -1
    1a28:	147d                	addi	s0,s0,-1
	c.addi s1, -1
    1a2a:	14fd                	addi	s1,s1,-1
	c.bnez s1, packet_type_loop
    1a2c:	f4e1                	bnez	s1,19f4 <packet_type_loop>
///////////////////////////////////////////////////////////////////////////////////////
///////////////////////////////////////////////////////////////////////////////////////	

	// XXX Here, figure out CRC polynomial.

	li s1, (USB_BUFFER_SIZE*8) // # of bits we culd read.
    1a2e:	06000493          	li	s1,96
	//
	// When we get here, packet type is loaded in A2.
	// If packet type is 0xXX01 or 0xXX11
	// the LSBs are the inverted packet type.
	// we can branch off of bit 2.
	andi a0, a2, 0x0c
    1a32:	00c67513          	andi	a0,a2,12

	// if a0 is 1 then it's DATA (full CRC) otheriwse,
	// (0) for setup or PARTIAL CRC.
	// Careful:  This has to take a constant amount of time either way the branch goes.
	c.beqz a0, data_crc
    1a36:	c509                	beqz	a0,1a40 <data_crc>
	c.li a4, 0x14	
    1a38:	4751                	li	a4,20
	c.li a3, 0x1e
    1a3a:	46f9                	li	a3,30
    1a3c:	00000013          	nop

00001a40 <data_crc>:

///////////////////////////////////////////////////////////////////////////////////////
///////////////////////////////////////////////////////////////////////////////////////	
.balign 4
is_end_of_byte:
	HANDLE_EOB_YES
    1a40:	00c38023          	sb	a2,0(t2)
    1a44:	00138393          	addi	t2,t2,1

00001a48 <bit_process>:
	// end-of-byte.
.balign 4
bit_process:
	// Debug blip
//	c.lw a4, INDR_OFFSET(a5);
	DEBUG_TICK_MARK
    1a48:	00022023          	sw	zero,0(tp) # 0 <InterruptVector>
	c.lw a0, INDR_OFFSET(a5);
    1a4c:	4788                	lw	a0,8(a5)
	c.andi a0, USB_DMASK;
    1a4e:	8961                	andi	a0,a0,24
	c.xor a0, a1;
    1a50:	8d2d                	xor	a0,a0,a1
#define HANDLE_NEXT_BYTE(is_end_of_byte, jumptype)  \
	c.addi s1, -1; \
	andi a0, s1, 7; /* s1 could be really really big */ \
	c.jumptype a0, is_end_of_byte /* 4 cycles for this section. (Checked) (Sometimes 5)? */ 

	c.beqz a0, handle_one_bit
    1a52:	c50d                	beqz	a0,1a7c <handle_one_bit>

00001a54 <handle_zero_bit>:
handle_zero_bit:
	c.xor a1, a0; // Recover a1, for next cycle
    1a54:	8da9                	xor	a1,a1,a0
	// TODO: Do we have time to do time fixup here?
	// Can we resync time here?
	// If they are different, we need to sloowwww dowwwnnn
	// There is some free time.  Could do something interesting here!!!
	// I was thinking we could put the resync code here.
	c.j 1f; 1:  //Delay 4 cycles.
    1a56:	a009                	j	1a58 <handle_zero_bit+0x4>

	c.li s0, 6      // reset runs-of-one.
    1a58:	4419                	li	s0,6
	c.beqz a1, se0_complete
    1a5a:	c9bd                	beqz	a1,1ad0 <se0_complete>

	// Handle CRC (0 bit)  (From @Domkeykong)
	slli a0,a3,31 // Put a3s LSB into a0s MSB
    1a5c:	01f69513          	slli	a0,a3,0x1f
	c.srai a0,31    // Copy MSB into all other bits
    1a60:	857d                	srai	a0,a0,0x1f
	c.srli a3,1
    1a62:	8285                	srli	a3,a3,0x1
	c.and  a0, a4
    1a64:	8d79                	and	a0,a0,a4
	c.xor  a3, a0
    1a66:	8ea9                	xor	a3,a3,a0

	c.srli a2, 1;  // shift a2 down by 1
    1a68:	8205                	srli	a2,a2,0x1
	HANDLE_NEXT_BYTE(is_end_of_byte, beqz)
    1a6a:	14fd                	addi	s1,s1,-1
    1a6c:	0074f513          	andi	a0,s1,7
    1a70:	d961                	beqz	a0,1a40 <data_crc>
	c.nop
    1a72:	0001                	nop
	c.nop
    1a74:	0001                	nop
	c.nop
    1a76:	0001                	nop
	c.bnez s1, bit_process // + 4 cycles
    1a78:	f8e1                	bnez	s1,1a48 <bit_process>
	c.j done_usb_message
    1a7a:	a8d1                	j	1b4e <done_usb_message>

00001a7c <handle_one_bit>:


.balign 4
handle_one_bit:
	c.addi s0, -1; // Count # of runs of 1 (subtract 1)
    1a7c:	147d                	addi	s0,s0,-1
	//HANDLE_CRC (1 bit)
	andi a0, a3, 1
    1a7e:	0016f513          	andi	a0,a3,1
	c.addi a0, -1
    1a82:	157d                	addi	a0,a0,-1
	c.and a0, a4
    1a84:	8d79                	and	a0,a0,a4
	c.srli a3, 1
    1a86:	8285                	srli	a3,a3,0x1
	c.xor a3, a0
    1a88:	8ea9                	xor	a3,a3,a0

	c.srli a2, 1;  // shift a2 down by 1
    1a8a:	8205                	srli	a2,a2,0x1
	ori a2, a2, 0x80
    1a8c:	08066613          	ori	a2,a2,128
	c.beqz s0, handle_bit_stuff;
    1a90:	c811                	beqz	s0,1aa4 <handle_bit_stuff>

	HANDLE_NEXT_BYTE(is_end_of_byte, beqz)
    1a92:	14fd                	addi	s1,s1,-1
    1a94:	0074f513          	andi	a0,s1,7
    1a98:	d545                	beqz	a0,1a40 <data_crc>
	c.nop // Need extra delay here because we need more time if it's end-of-byte.
    1a9a:	0001                	nop
	c.nop
    1a9c:	0001                	nop
	c.nop
    1a9e:	0001                	nop
	c.bnez s1, bit_process // + 4 cycles
    1aa0:	f4c5                	bnez	s1,1a48 <bit_process>
	c.j done_usb_message
    1aa2:	a075                	j	1b4e <done_usb_message>

00001aa4 <handle_bit_stuff>:

handle_bit_stuff:
	// We want to wait a little bit, then read another byte, and make
	// sure everything is well, before heading back into the main loop
	// Debug blip
	HANDLE_NEXT_BYTE(not_is_end_of_byte_and_bit_stuffed, bnez)
    1aa4:	14fd                	addi	s1,s1,-1
    1aa6:	0074f513          	andi	a0,s1,7
    1aaa:	e509                	bnez	a0,1ab4 <not_is_end_of_byte_and_bit_stuffed>
	HANDLE_EOB_YES
    1aac:	00c38023          	sb	a2,0(t2)
    1ab0:	00138393          	addi	t2,t2,1

00001ab4 <not_is_end_of_byte_and_bit_stuffed>:

not_is_end_of_byte_and_bit_stuffed:
        DEBUG_TICK_MARK
    1ab4:	00022023          	sw	zero,0(tp) # 0 <InterruptVector>
	c.lw a0, INDR_OFFSET(a5);
    1ab8:	4788                	lw	a0,8(a5)
	c.andi a0, USB_DMASK;
    1aba:	8961                	andi	a0,a0,24
	c.beqz a0, se0_complete
    1abc:	c911                	beqz	a0,1ad0 <se0_complete>
	c.xor a0, a1;
    1abe:	8d2d                	xor	a0,a0,a1
	c.xor a1, a0; // Recover a1, for next cycle.
    1ac0:	8da9                	xor	a1,a1,a0

	// If A0 is a 0 then that's bad, we just did a bit stuff
        //   and A0 == 0 means there was no signal transition
	c.beqz a0, done_usb_message
    1ac2:	c551                	beqz	a0,1b4e <done_usb_message>

        // Reset bit stuff, delay, then continue onto the next actual bit
	c.li s0, 6;
    1ac4:	4419                	li	s0,6

        c.nop;
    1ac6:	0001                	nop
	nx6p3delay( 2, a0 )
    1ac8:	450d                	li	a0,3
    1aca:	157d                	addi	a0,a0,-1
    1acc:	fd7d                	bnez	a0,1aca <not_is_end_of_byte_and_bit_stuffed+0x16>

	c.bnez s1, bit_process // + 4 cycles
    1ace:	fcad                	bnez	s1,1a48 <bit_process>

00001ad0 <se0_complete>:

.balign 4
se0_complete:
	// This is triggered when we finished getting a packet.
	andi a0, s1, 7; // Make sure we received an even number of bytes.
    1ad0:	0074f513          	andi	a0,s1,7
	c.bnez a0, done_usb_message
    1ad4:	ed2d                	bnez	a0,1b4e <done_usb_message>


	// Special: handle ACKs?
	// Now we have to decide what we're doing based on the
	// packet type.
	addi  a1, sp, DATA_PTR_OFFSET
    1ad6:	03f10593          	addi	a1,sp,63
    1ada:	2188                	fld	fa0,0(a1)
	XW_C_LBU(a0, a1, 0);	//lbu  a0, 0(a1)
	c.addi a1, 1
    1adc:	0585                	addi	a1,a1,1
	// 1001 => 10010110 => PID IN
	// 0001 => 10000111 => PID_OUT
	// 1101 => 10110100 => SETUP    (OK)

	// a0 contains first 4 bytes.
	la ra, done_usb_message_in // Common return address for all function calls.
    1ade:	00000097          	auipc	ra,0x0
    1ae2:	07008093          	addi	ra,ra,112 # 1b4e <done_usb_message>

	// For ACK don't worry about CRC.
	addi a5, a0, -0b01001011
    1ae6:	fb550793          	addi	a5,a0,-75

	RESTORE_DEBUG_MARKER(48) // restore x4 for whatever in C land.
    1aea:	5242                	lw	tp,48(sp)

	la a4, rv003usb_internal_data
    1aec:	1fffe717          	auipc	a4,0x1fffe
    1af0:	55470713          	addi	a4,a4,1364 # 20000040 <rv003usb_internal_data>

	// ACK doesn't need good CRC.
	c.beqz a5, usb_pid_handle_ack
    1af4:	c7c9                	beqz	a5,1b7e <usb_pid_handle_ack>

	// Next, check for tokens.
	c.bnez a3, crc_for_tokens_would_be_bad_maybe_data
    1af6:	ea85                	bnez	a3,1b26 <crc_for_tokens_would_be_bad_maybe_data>

00001af8 <may_be_a_token>:
    1af8:	2192                	fld	ft3,256(sp)
may_be_a_token:
	// Our CRC is 0, so we might be a token.

	// Do token-y things.
	XW_C_LHU( a2, a1, 0 )
	andi a0, a2, 0x7f // addr
    1afa:	07f67513          	andi	a0,a2,127
	c.srli a2, 7
    1afe:	821d                	srli	a2,a2,0x7
	c.andi a2, 0xf    // endp
    1b00:	8a3d                	andi	a2,a2,15
	li s0, ENDPOINTS
    1b02:	440d                	li	s0,3
	bgeu a2, s0, done_usb_message // Make sure < ENDPOINTS
    1b04:	04867563          	bgeu	a2,s0,1b4e <done_usb_message>
	c.beqz a0,  yes_check_tokens
    1b08:	c501                	beqz	a0,1b10 <yes_check_tokens>
    1b0a:	2340                	fld	fs0,128(a4)
	// Otherwise, we might have our assigned address.
	XW_C_LBU(s0, a4, MY_ADDRESS_OFFSET_BYTES);	//	lbu s0, MY_ADDRESS_OFFSET_BYTES(a4)
	bne s0, a0, done_usb_message // addr != 0 && addr != ours.
    1b0c:	04a41163          	bne	s0,a0,1b4e <done_usb_message>

00001b10 <yes_check_tokens>:
yes_check_tokens:
	addi a5, a5, (0b01001011-0b10000111)
    1b10:	fc478793          	addi	a5,a5,-60
	c.beqz a5, usb_pid_handle_out
    1b14:	cfc1                	beqz	a5,1bac <usb_pid_handle_out>
	c.addi a5, (0b10000111-0b10010110)
    1b16:	17c5                	addi	a5,a5,-15
	c.beqz a5, usb_pid_handle_in
    1b18:	00079463          	bnez	a5,1b20 <yes_check_tokens+0x10>
    1b1c:	cabff06f          	j	17c6 <usb_pid_handle_in>
	c.addi a5, (0b10010110-0b10110100)
    1b20:	1789                	addi	a5,a5,-30
	c.beqz a5, usb_pid_handle_setup
    1b22:	cbb5                	beqz	a5,1b96 <usb_pid_handle_setup>

	c.j done_usb_message_in
    1b24:	a02d                	j	1b4e <done_usb_message>

00001b26 <crc_for_tokens_would_be_bad_maybe_data>:

	// CRC is nonzero. (Good for Data packets)
crc_for_tokens_would_be_bad_maybe_data:
	li s0, 0xb001  // UGH: You can't use the CRC16 in reverse :(
    1b26:	642d                	lui	s0,0xb
    1b28:	0405                	addi	s0,s0,1
	c.sub a3, s0
    1b2a:	8e81                	sub	a3,a3,s0
	c.bnez a3, done_usb_message_in
    1b2c:	e28d                	bnez	a3,1b4e <done_usb_message>
	// Good CRC!!
	sub a3, t2, a1 //a3 = # of bytes read..
    1b2e:	40b386b3          	sub	a3,t2,a1
	c.addi a3, 1
    1b32:	0685                	addi	a3,a3,1
	addi a5, a5, (0b01001011-0b11000011)
    1b34:	f8878793          	addi	a5,a5,-120
	c.li a2, 0
    1b38:	4601                	li	a2,0
	c.beqz a5, usb_pid_handle_data
    1b3a:	00079463          	bnez	a5,1b42 <crc_for_tokens_would_be_bad_maybe_data+0x1c>
    1b3e:	d7dff06f          	j	18ba <usb_pid_handle_data>
	c.addi a5, (0b11000011-0b11010010)
    1b42:	17c5                	addi	a5,a5,-15
	c.li a2, 1
    1b44:	4605                	li	a2,1
	c.beqz a5, usb_pid_handle_data
    1b46:	00079463          	bnez	a5,1b4e <done_usb_message>
    1b4a:	d71ff06f          	j	18ba <usb_pid_handle_data>

00001b4e <done_usb_message>:

done_usb_message:
done_usb_message_in:
	lw	s0, 24(sp)
    1b4e:	4462                	lw	s0,24(sp)
	lw	s1, 28(sp)
    1b50:	44f2                	lw	s1,28(sp)
	lw	t0, 32(sp)
    1b52:	5282                	lw	t0,32(sp)
	lw	t1, 36(sp)
    1b54:	5312                	lw	t1,36(sp)
	lw	t2, 40(sp)
    1b56:	53a2                	lw	t2,40(sp)
	lw  ra, 52(sp)
    1b58:	50d2                	lw	ra,52(sp)

00001b5a <ret_from_se0>:

ret_from_se0:
	lw	s1, 28(sp)
    1b5a:	44f2                	lw	s1,28(sp)
	RESTORE_DEBUG_MARKER(48)
    1b5c:	5242                	lw	tp,48(sp)
	lw	a2, 8(sp)
    1b5e:	4622                	lw	a2,8(sp)
	lw	a3, 12(sp)
    1b60:	46b2                	lw	a3,12(sp)
	lw	a4, 16(sp)
    1b62:	4742                	lw	a4,16(sp)
	lw	a1, 4(sp)
    1b64:	4592                	lw	a1,4(sp)

00001b66 <interrupt_complete>:

interrupt_complete:
	// Acknowledge interrupt.
	// EXTI->INTFR = 1<<4
	c.j 1f; 1: // Extra little bit of delay to make sure we don't accidentally false fire.
    1b66:	a009                	j	1b68 <interrupt_complete+0x2>

	la a5, EXTI_BASE + 20
    1b68:	400107b7          	lui	a5,0x40010
    1b6c:	41478793          	addi	a5,a5,1044 # 40010414 <__global_pointer$+0x2000fc14>
	li a0, (1<<USB_DP)
    1b70:	4541                	li	a0,16
	sw a0, 0(a5)
    1b72:	c388                	sw	a0,0(a5)

	// Restore stack.
	lw	a0, 0(sp)
    1b74:	4502                	lw	a0,0(sp)
	lw	a5, 20(sp)
    1b76:	47d2                	lw	a5,20(sp)
	addi	sp,sp,80
    1b78:	6161                	addi	sp,sp,80
	mret
    1b7a:	30200073          	mret

00001b7e <usb_pid_handle_ack>:
	return;
}
*/

usb_pid_handle_ack:
	c.lw a2, 0(a4) //ist->current_endpoint -> endp;
    1b7e:	4310                	lw	a2,0(a4)
	c.slli a2, 5
    1b80:	0616                	slli	a2,a2,0x5
	c.add a2, a4
    1b82:	963a                	add	a2,a2,a4
	c.addi a2, ENDP_OFFSET // usb_endpoint eps[ENDPOINTS];
    1b84:	0671                	addi	a2,a2,28

	c.lw a0, (EP_TOGGLE_IN_OFFSET)(a2) // toggle_in=!toggle_in
    1b86:	4248                	lw	a0,4(a2)
	c.li a1, 1
    1b88:	4585                	li	a1,1
	c.xor a0, a1
    1b8a:	8d2d                	xor	a0,a0,a1
	c.sw a0, (EP_TOGGLE_IN_OFFSET)(a2)
    1b8c:	c248                	sw	a0,4(a2)

	c.lw a0, (EP_COUNT_OFFSET)(a2) // count_in
    1b8e:	4208                	lw	a0,0(a2)
	c.addi a0, 1
    1b90:	0505                	addi	a0,a0,1
	c.sw a0, (EP_COUNT_OFFSET)(a2)
    1b92:	c208                	sw	a0,0(a2)

	c.j done_usb_message_in
    1b94:	bf6d                	j	1b4e <done_usb_message>

00001b96 <usb_pid_handle_setup>:
	e->count = 0;
	e->toggle_in = 1;
	ist->setup_request = 1;
}*/
usb_pid_handle_setup:
	c.sw a2, 0(a4) // ist->current_endpoint = endp
    1b96:	c310                	sw	a2,0(a4)
	c.li a1, 1
    1b98:	4585                	li	a1,1
	c.sw a1, SETUP_REQUEST_OFFSET(a4) //ist->setup_request = 1;
    1b9a:	c70c                	sw	a1,8(a4)
	c.slli a2, 3+2
    1b9c:	0616                	slli	a2,a2,0x5
	c.add a2, a4
    1b9e:	963a                	add	a2,a2,a4
	c.sw a1, (ENDP_OFFSET+EP_TOGGLE_IN_OFFSET)(a2) //e->toggle_in = 1;
    1ba0:	d20c                	sw	a1,32(a2)
	c.li a1, 0
    1ba2:	4581                	li	a1,0
	c.sw a1, (ENDP_OFFSET+EP_COUNT_OFFSET)(a2)  //e->count = 0;
    1ba4:	ce4c                	sw	a1,28(a2)
	c.sw a1, (ENDP_OFFSET+EP_OPAQUE_OFFSET)(a2)  //e->opaque = 0;
    1ba6:	de0c                	sw	a1,56(a2)
	c.sw a1, (ENDP_OFFSET+EP_TOGGLE_OUT_OFFSET)(a2) //e->toggle_out = 0;
    1ba8:	d24c                	sw	a1,36(a2)
	c.j done_usb_message_in	
    1baa:	b755                	j	1b4e <done_usb_message>

00001bac <usb_pid_handle_out>:
    1bac:	a310                	fsd	fa2,0(a4)
//This will correctly swap back the endpoint.
usb_pid_handle_out:
	//void usb_pid_handle_out( uint32_t addr, uint8_t * data, uint32_t endp, uint32_t unused, struct rv003usb_internal * ist )	
	//sb a2, 0(a4) //ist->current_endpoint = endp;
	XW_C_SB( a2, a4, 0 ); // current_endpoint = endp
	c.j done_usb_message_in
    1bae:	b745                	j	1b4e <done_usb_message>

00001bb0 <handle_se0_keepalive>:

handle_se0_keepalive:
	// In here, we want to do smart stuff with the
	// 1ms tick.

	la  a0, SYSTICK_CNT
    1bb0:	e000f537          	lui	a0,0xe000f
    1bb4:	0521                	addi	a0,a0,8
	la a4, rv003usb_internal_data
    1bb6:	1fffe717          	auipc	a4,0x1fffe
    1bba:	48a70713          	addi	a4,a4,1162 # 20000040 <rv003usb_internal_data>
	c.lw a1, LAST_SE0_OFFSET(a4) //last cycle count   last_se0_cyccount
    1bbe:	4b0c                	lw	a1,16(a4)
	c.lw a2, 0(a0) //this cycle count
    1bc0:	4110                	lw	a2,0(a0)
	c.sw a2, LAST_SE0_OFFSET(a4) //store it back to last_se0_cyccount
    1bc2:	cb10                	sw	a2,16(a4)
	c.sub a2, a1
    1bc4:	8e0d                	sub	a2,a2,a1
	c.sw a2, DELTA_SE0_OFFSET(a4) //record delta_se0_cyccount
    1bc6:	cb50                	sw	a2,20(a4)

	li a1, 48000
    1bc8:	65b1                	lui	a1,0xc
    1bca:	b8058593          	addi	a1,a1,-1152 # bb80 <rv003usb.c.9262a2f3+0x8482>
	c.sub a2, a1
    1bce:	8e0d                	sub	a2,a2,a1
	// This is our deviance from 48MHz.

	// Make sure we aren't in left field.
	li a5, 4000
    1bd0:	6785                	lui	a5,0x1
    1bd2:	fa078793          	addi	a5,a5,-96 # fa0 <main+0xd8a>
	bge a2, a5, ret_from_se0
    1bd6:	f8f652e3          	bge	a2,a5,1b5a <ret_from_se0>
	li a5, -4000
    1bda:	77fd                	lui	a5,0xfffff
    1bdc:	06078793          	addi	a5,a5,96 # fffff060 <__global_pointer$+0xdfffe860>
	blt a2, a5, ret_from_se0
    1be0:	f6f64de3          	blt	a2,a5,1b5a <ret_from_se0>

	c.lw a1, SE0_WINDUP_OFFSET(a4) // load windup se0_windup
    1be4:	4f0c                	lw	a1,24(a4)
	c.add a1, a2
    1be6:	95b2                	add	a1,a1,a2
	c.sw a1, SE0_WINDUP_OFFSET(a4) // save windup
    1be8:	cf0c                	sw	a1,24(a4)

	// No further adjustments
	beqz a1, ret_from_se0
    1bea:	d9a5                	beqz	a1,1b5a <ret_from_se0>

	// 0x40021000 = RCC.CTLR
	la a4, 0x40021000
    1bec:	40021737          	lui	a4,0x40021
	lw a0, 0(a4)
    1bf0:	4308                	lw	a0,0(a4)
	srli a2, a0, 3 // Extract HSI Trim.
    1bf2:	00355613          	srli	a2,a0,0x3
	andi a2, a2, 0b11111
    1bf6:	8a7d                	andi	a2,a2,31
	li a5, 0xffffff07  
    1bf8:	f0700793          	li	a5,-249
	and a0, a0, a5	// Mask off non-HSI
    1bfc:	8d7d                	and	a0,a0,a5

	// Decimate windup - use as HSIrim.
	neg a1, a1
    1bfe:	40b005b3          	neg	a1,a1
	srai a2, a1, 9
    1c02:	4095d613          	srai	a2,a1,0x9
	addi a2, a2, 16  // add hsi offset.
    1c06:	0641                	addi	a2,a2,16

	// Put trim in place in register.
	slli a2, a2, 3
    1c08:	060e                	slli	a2,a2,0x3
	or a0, a0, a2
    1c0a:	8d51                	or	a0,a0,a2
	sw a0, 0(a4)
    1c0c:	c308                	sw	a0,0(a4)

	j ret_from_se0
    1c0e:	b7b1                	j	1b5a <ret_from_se0>

00001c10 <usb_send_empty>:


.balign 4
//void usb_send_empty( uint32_t token );
usb_send_empty:
	c.mv a3, a0
    1c10:	86aa                	mv	a3,a0
	la a0, always0
    1c12:	00000517          	auipc	a0,0x0
    1c16:	13a50513          	addi	a0,a0,314 # 1d4c <always0>
	li a1, 2
    1c1a:	4589                	li	a1,2
	c.mv a2, a1
    1c1c:	862e                	mv	a2,a1

00001c1e <usb_send_data>:
//void usb_send_data( uint8_t * data, uint32_t length, uint32_t poly_function, uint32_t token );
usb_send_data:
	addi	sp,sp,-16
    1c1e:	1141                	addi	sp,sp,-16
	sw	s0, 0(sp)
    1c20:	c022                	sw	s0,0(sp)
	sw	s1, 4(sp)
    1c22:	c226                	sw	s1,4(sp)

	la a5, USB_GPIO_BASE
    1c24:	400117b7          	lui	a5,0x40011
    1c28:	40078793          	addi	a5,a5,1024 # 40011400 <__global_pointer$+0x20010c00>

	// ASAP: Turn the bus around and send our preamble + token.
	c.lw a4, CFGLR_OFFSET(a5)
    1c2c:	4398                	lw	a4,0(a5)

	li s1, ~((0b1111<<(USB_DM*4)) | (0b1111<<(USB_DP*4)))
    1c2e:	fff014b7          	lui	s1,0xfff01
    1c32:	14fd                	addi	s1,s1,-1
	and a4, s1, a4
    1c34:	8f65                	and	a4,a4,s1

	// Convert D+/D- into 2MHz outputs
	li s1, ((0b0010<<(USB_DM*4)) | (0b0010<<(USB_DP*4)))
    1c36:	000224b7          	lui	s1,0x22
	or a4, s1, a4
    1c3a:	8f45                	or	a4,a4,s1

	li s1, (1<<USB_DM) | (1<<(USB_DP+16))
    1c3c:	001004b7          	lui	s1,0x100
    1c40:	04a1                	addi	s1,s1,8
	c.sw s1, BSHR_OFFSET(a5)
    1c42:	cb84                	sw	s1,16(a5)

	//00: Universal push-pull output mode
	c.sw a4, CFGLR_OFFSET(a5)
    1c44:	c398                	sw	a4,0(a5)

	li t1, (1<<USB_DM) | (1<<(USB_DP+16)) | (1<<USB_DP) | (1<<(USB_DM+16));
    1c46:	00180337          	lui	t1,0x180
    1c4a:	0361                	addi	t1,t1,24

	SAVE_DEBUG_MARKER( 8 )
    1c4c:	c412                	sw	tp,8(sp)

	// Save off our preamble and token.
	c.slli a3, 7     //Put token further up so it gets sent later.
    1c4e:	069e                	slli	a3,a3,0x7
	ori s0, a3, 0x40  
    1c50:	0406e413          	ori	s0,a3,64

	li t0, 0x0000
    1c54:	4281                	li	t0,0
	c.bnez a2, done_poly_check
    1c56:	e609                	bnez	a2,1c60 <done_poly_check>
	li t0, 0xa001
    1c58:	62a9                	lui	t0,0xa
    1c5a:	0285                	addi	t0,t0,1
	li a2, 0xffff
    1c5c:	6641                	lui	a2,0x10
    1c5e:	167d                	addi	a2,a2,-1

00001c60 <done_poly_check>:
done_poly_check:

	c.slli a1, 3 // bump up one extra to be # of bits
    1c60:	058e                	slli	a1,a1,0x3
	mv t2, a1
    1c62:	83ae                	mv	t2,a1

	// t0 is our polynomial
	// a2 is our running CRC.
	// a3 is our token.
	DEBUG_TICK_SETUP
    1c64:	40013237          	lui	tp,0x40013
    1c68:	c5820213          	addi	tp,tp,-936 # 40012c58 <__global_pointer$+0x20012458>

	c.li a4, 6 // reset bit stuffing.
    1c6c:	4719                	li	a4,6
	c.li a1, 15 // 15 bits.
    1c6e:	45bd                	li	a1,15

	//c.nop; c.nop; c.nop;
	c.j pre_and_tok_send_inner_loop
    1c70:	a011                	j	1c74 <pre_and_tok_send_inner_loop>
    1c72:	0001                	nop

00001c74 <pre_and_tok_send_inner_loop>:
		* We have to decrement our bit stuffing index.
		* If it is 0, we can reset our bit stuffing index.
	*/

	// a3 is now the lsb of s0 (the 'next bit' to read out)
	c.mv a3, s0
    1c74:	86a2                	mv	a3,s0
	c.srli s0, 1 // Shift down into the next bit.
    1c76:	8005                	srli	s0,s0,0x1
	c.andi a3, 1
    1c78:	8a85                	andi	a3,a3,1
	// If a3 is 0, we should FLIP
	// if a3 is 1, we should NOT flip.

	c.addi a4, -1
    1c7a:	177d                	addi	a4,a4,-1
	c.bnez a3, pre_and_tok_send_one_bit
    1c7c:	e681                	bnez	a3,1c84 <pre_and_tok_send_one_bit>
//Send 0 bit. (Flip)
	// Flip s1 (our bshr setting) by xoring it.
	// 10.....01
	// 11.....11 (xor with)
	// 01.....10
	xor s1, s1, t1
    1c7e:	0064c4b3          	xor	s1,s1,t1
	c.li a4, 6 // reset bit stuffing.
    1c82:	4719                	li	a4,6

00001c84 <pre_and_tok_send_one_bit>:
	// DO NOT flip.  Allow a4 to increment.
// Deliberately unaligned for timing purposes.
.balign 4
pre_and_tok_send_one_bit:
	sw s1, BSHR_OFFSET(a5)
    1c84:	cb84                	sw	s1,16(a5)
	//Bit stuffing doesn't happen.
	c.addi a1, -1
    1c86:	15fd                	addi	a1,a1,-1
	c.beqz a1, pre_and_tok_done_sending_data
    1c88:	c591                	beqz	a1,1c94 <pre_and_tok_done_sending_data>
	nx6p3delay( 2, a3 );	c.nop;             // Free time!
    1c8a:	468d                	li	a3,3
    1c8c:	16fd                	addi	a3,a3,-1
    1c8e:	fefd                	bnez	a3,1c8c <pre_and_tok_send_one_bit+0x8>
    1c90:	0001                	nop
	c.j pre_and_tok_send_inner_loop
    1c92:	b7cd                	j	1c74 <pre_and_tok_send_inner_loop>

00001c94 <pre_and_tok_done_sending_data>:
////////////////////////////////////////////////////////////////////////////

	// We have very little time here.  Just enough to do this.

	//Restore size.
	mv a1, t2//lw  a1, 12(sp)
    1c94:	859e                	mv	a1,t2
	c.beqz a1, no_really_done_sending_data  //No actual payload?  Bail!
    1c96:	c5ad                	beqz	a1,1d00 <no_really_done_sending_data>
	c.addi a1, -1
    1c98:	15fd                	addi	a1,a1,-1
//	beqz t2, no_really_done_sending_data 

	bnez t0, done_poly_check2
    1c9a:	00029463          	bnez	t0,1ca2 <done_poly_check2>
	li a2, 0xffff
    1c9e:	6641                	lui	a2,0x10
    1ca0:	167d                	addi	a2,a2,-1

00001ca2 <done_poly_check2>:
    1ca2:	0001                	nop

00001ca4 <load_next_byte>:
    1ca4:	2100                	fld	fs0,0(a0)
	// CH32v003 has the XW extension.
	// this replaces: lb s0, 0(a0)
	XW_C_LBU(s0, a0, 0);
	//lb s0, 0(a0)
	//	.long 0x00150513 // addi a0, a0, 1  (For alignment's sake)
	c.addi a0, 1
    1ca6:	0505                	addi	a0,a0,1

00001ca8 <send_inner_loop>:
		* We have to decrement our bit stuffing index.
		* If it is 0, we can reset our bit stuffing index.
	*/

	// a3 is now the lsb of s0 (the 'next bit' to read out)
	c.mv a3, s0
    1ca8:	86a2                	mv	a3,s0
	c.andi a3, 1
    1caa:	8a85                	andi	a3,a3,1
	// If a3 is 0, we should FLIP
	// if a3 is 1, we should NOT flip.
	c.beqz a3, send_zero_bit
    1cac:	ce81                	beqz	a3,1cc4 <send_zero_bit>
	c.srli s0, 1 // Shift down into the next bit.
    1cae:	8005                	srli	s0,s0,0x1
//send_one_bit:
	//HANDLE_CRC (1 bit)
	andi a3, a2, 1
    1cb0:	00167693          	andi	a3,a2,1
	c.addi a3, -1
    1cb4:	16fd                	addi	a3,a3,-1
	and a3, a3, t0
    1cb6:	0056f6b3          	and	a3,a3,t0
	c.srli a2, 1
    1cba:	8205                	srli	a2,a2,0x1
	c.xor a2, a3
    1cbc:	8e35                	xor	a2,a2,a3

	c.addi a4, -1
    1cbe:	177d                	addi	a4,a4,-1
	c.beqz a4, insert_stuffed_bit
    1cc0:	cf25                	beqz	a4,1d38 <insert_stuffed_bit>
	c.j cont_after_jump
    1cc2:	a829                	j	1cdc <cont_after_jump>

00001cc4 <send_zero_bit>:
//Send 0 bit. (Flip)
.balign 4
send_zero_bit:
	c.srli s0, 1 // Shift down into the next bit.
    1cc4:	8005                	srli	s0,s0,0x1
	// a3 is temp
	// t0 is polynomial.

	// XXX WARNING: this was by https://github.com/cnlohr/rv003usb/issues/7 
	// TODO Check me!
	slli a3,a2,31 // Put a3s LSB into a0s MSB
    1cc6:	01f61693          	slli	a3,a2,0x1f
	c.srai a3,31    // Copy MSB into all other bits
    1cca:	86fd                	srai	a3,a3,0x1f

	// Flip s1 (our bshr setting) by xoring it.
	// 10.....01
	// 11.....11 (xor with)
	// 01.....10
	xor s1, s1, t1
    1ccc:	0064c4b3          	xor	s1,s1,t1
	sw s1, BSHR_OFFSET(a5)
    1cd0:	cb84                	sw	s1,16(a5)

	c.li a4, 6 // reset bit stuffing.
    1cd2:	4719                	li	a4,6

	// XXX XXX CRC down here to make bit stuffing timings line up.
	c.srli a2,1
    1cd4:	8205                	srli	a2,a2,0x1
	and a3,a3,t0
    1cd6:	0056f6b3          	and	a3,a3,t0
	c.xor  a2,a3 
    1cda:	8e35                	xor	a2,a2,a3

00001cdc <cont_after_jump>:

.balign 4
cont_after_jump:
send_end_bit_complete:
	c.beqz a1, done_sending_data
    1cdc:	c981                	beqz	a1,1cec <done_sending_data>
	andi a3, a1, 7
    1cde:	0075f693          	andi	a3,a1,7
	c.addi a1, -1
    1ce2:	15fd                	addi	a1,a1,-1
	c.beqz a3, load_next_byte
    1ce4:	d2e1                	beqz	a3,1ca4 <load_next_byte>
	// Wait an extra few cycles.
	c.j 1f; 1:
    1ce6:	a009                	j	1ce8 <cont_after_jump+0xc>
	c.j send_inner_loop
    1ce8:	b7c1                	j	1ca8 <send_inner_loop>
    1cea:	0001                	nop

00001cec <done_sending_data>:

.balign 4
done_sending_data:
	// BUT WAIT!! MAYBE WE NEED TO CRC!
	beqz t0, no_really_done_sending_data
    1cec:	00028a63          	beqz	t0,1d00 <no_really_done_sending_data>
	srli t0, t0, 8 // reset poly - we don't want it anymore.
    1cf0:	0082d293          	srli	t0,t0,0x8
	li a1, 7 // Load 8 more bits out
    1cf4:	459d                	li	a1,7
	beqz t0, send_inner_loop  //Second CRC byte
    1cf6:	fa0289e3          	beqz	t0,1ca8 <send_inner_loop>
	// First CRC byte
	not s0, a2 // get read to send out the CRC.
    1cfa:	fff64413          	not	s0,a2
	c.j send_inner_loop
    1cfe:	b76d                	j	1ca8 <send_inner_loop>

00001d00 <no_really_done_sending_data>:
.balign 4
no_really_done_sending_data:

//	c.bnez a2, poly_function  TODO: Uncomment me!

	nx6p3delay( 2, a3 );
    1d00:	468d                	li	a3,3
    1d02:	16fd                	addi	a3,a3,-1
    1d04:	fefd                	bnez	a3,1d02 <no_really_done_sending_data+0x2>

	// Need to perform an SE0.
	li s1, (1<<(USB_DP+16)) | (1<<(USB_DM+16))
    1d06:	001804b7          	lui	s1,0x180
	c.sw s1, BSHR_OFFSET(a5)
    1d0a:	cb84                	sw	s1,16(a5)

	nx6p3delay( 7, a3 );
    1d0c:	46a1                	li	a3,8
    1d0e:	16fd                	addi	a3,a3,-1
    1d10:	fefd                	bnez	a3,1d0e <no_really_done_sending_data+0xe>

	li s1, (1<<(USB_DP)) | (1<<(USB_DM+16))
    1d12:	000804b7          	lui	s1,0x80
    1d16:	04c1                	addi	s1,s1,16
	c.sw s1, BSHR_OFFSET(a5)
    1d18:	cb84                	sw	s1,16(a5)

	lw s1, CFGLR_OFFSET(a5)
    1d1a:	4384                	lw	s1,0(a5)
	// Convert D+/D- into inputs.
	li a3, ~((0b11<<(USB_DM*4)) | (0b11<<(USB_DP*4)))
    1d1c:	fffcd6b7          	lui	a3,0xfffcd
    1d20:	16fd                	addi	a3,a3,-1
	and s1, a3, s1
    1d22:	8cf5                	and	s1,s1,a3
	// 01: Floating input mode.
	li a3, ((0b01<<(USB_DM*4+2)) | (0b01<<(USB_DP*4+2)))
    1d24:	000446b7          	lui	a3,0x44
	or s1, a3, s1
    1d28:	8cd5                	or	s1,s1,a3
	sw s1, CFGLR_OFFSET(a5)
    1d2a:	c384                	sw	s1,0(a5)

	lw	s0, 0(sp)
    1d2c:	4402                	lw	s0,0(sp)
	lw	s1, 4(sp)
    1d2e:	4492                	lw	s1,4(sp)
	RESTORE_DEBUG_MARKER( 8 )
    1d30:	4222                	lw	tp,8(sp)
	addi	sp,sp,16
    1d32:	0141                	addi	sp,sp,16
	ret
    1d34:	8082                	ret
    1d36:	0001                	nop

00001d38 <insert_stuffed_bit>:

.balign 4
// TODO: This seems to be either 222 or 226 (not 224) in cases.
// It's off by 2 clock cycles.  Probably OK, but, hmm.
insert_stuffed_bit:
	nx6p3delay(3, a3)
    1d38:	4691                	li	a3,4
    1d3a:	16fd                	addi	a3,a3,-1
    1d3c:	fefd                	bnez	a3,1d3a <insert_stuffed_bit+0x2>
	xor s1, s1, t1
    1d3e:	0064c4b3          	xor	s1,s1,t1
	c.li a4, 6 // reset bit stuffing.
    1d42:	4719                	li	a4,6
	c.nop
    1d44:	0001                	nop
	c.nop
    1d46:	0001                	nop
	sw s1, BSHR_OFFSET(a5)
    1d48:	cb84                	sw	s1,16(a5)
	c.j send_end_bit_complete
    1d4a:	bf49                	j	1cdc <cont_after_jump>

00001d4c <always0>:
    1d4c:	0000                	unimp
    1d4e:	0000                	unimp
    1d50:	03e6                	slli	t2,t2,0x19
    1d52:	0000                	unimp
    1d54:	06d6                	slli	a3,a3,0x15
    1d56:	0000                	unimp
    1d58:	072c                	addi	a1,sp,904
    1d5a:	0000                	unimp
    1d5c:	0784                	addi	s1,sp,960
    1d5e:	0000                	unimp
    1d60:	07dc                	addi	a5,sp,964
    1d62:	0000                	unimp
    1d64:	0834                	addi	a3,sp,24
    1d66:	0000                	unimp
    1d68:	088a                	slli	a7,a7,0x2
    1d6a:	0000                	unimp
    1d6c:	08e4                	addi	s1,sp,92
    1d6e:	0000                	unimp
    1d70:	093e                	slli	s2,s2,0xf
    1d72:	0000                	unimp
    1d74:	0998                	addi	a4,sp,208
    1d76:	0000                	unimp
    1d78:	09f0                	addi	a2,sp,220
    1d7a:	0000                	unimp
    1d7c:	0a4a                	slli	s4,s4,0x12
    1d7e:	0000                	unimp
    1d80:	0aa4                	addi	s1,sp,344
    1d82:	0000                	unimp
    1d84:	0afc                	addi	a5,sp,348
    1d86:	0000                	unimp
    1d88:	0b58                	addi	a4,sp,404
    1d8a:	0000                	unimp
    1d8c:	0bb4                	addi	a3,sp,472
    1d8e:	0000                	unimp
    1d90:	0c10                	addi	a2,sp,528
    1d92:	0000                	unimp
    1d94:	0c6c                	addi	a1,sp,540
    1d96:	0000                	unimp
    1d98:	0cc8                	addi	a0,sp,596
    1d9a:	0000                	unimp
    1d9c:	0d26                	slli	s10,s10,0x9
    1d9e:	0000                	unimp
    1da0:	0d82                	c.slli64	s11
    1da2:	0000                	unimp
    1da4:	0de0                	addi	s0,sp,732
    1da6:	0000                	unimp
    1da8:	0e3e                	slli	t3,t3,0xf
    1daa:	0000                	unimp
    1dac:	0e9c                	addi	a5,sp,848
    1dae:	0000                	unimp
    1db0:	0ef8                	addi	a4,sp,860
    1db2:	0000                	unimp
    1db4:	0f56                	slli	t5,t5,0x15
    1db6:	0000                	unimp
    1db8:	0fb4                	addi	a3,sp,984
    1dba:	0000                	unimp
    1dbc:	1012                	c.slli	zero,0x24
    1dbe:	0000                	unimp
    1dc0:	1070                	addi	a2,sp,44
    1dc2:	0000                	unimp
    1dc4:	10ce                	slli	ra,ra,0x33
    1dc6:	0000                	unimp
    1dc8:	112a                	slli	sp,sp,0x2a
    1dca:	0000                	unimp
    1dcc:	1186                	slli	gp,gp,0x21
    1dce:	0000                	unimp
    1dd0:	11e4                	addi	s1,sp,236
    1dd2:	0000                	unimp
    1dd4:	1246                	slli	tp,tp,0x31
    1dd6:	0000                	unimp
    1dd8:	12a8                	addi	a0,sp,360
    1dda:	0000                	unimp
    1ddc:	130a                	slli	t1,t1,0x22
    1dde:	0000                	unimp
    1de0:	1356                	slli	t1,t1,0x35
    1de2:	0000                	unimp
    1de4:	13ba                	slli	t2,t2,0x2e
    1de6:	0000                	unimp
    1de8:	1404                	addi	s1,sp,544
    1dea:	0000                	unimp
    1dec:	1450                	addi	a2,sp,548
    1dee:	0000                	unimp
    1df0:	149a                	slli	s1,s1,0x26
    1df2:	0000                	unimp
    1df4:	14e8                	addi	a0,sp,620
	...

00001df8 <Melody>:
    1df8:	0eee 0e18 0d4d 0c8e 0bda 0b30 0a8f 09f7     ....M.....0.....
    1e08:	0968 08e1 0861 07e9 0777 070c 06a7 0647     h...a...w.....G.
    1e18:	05ed 0598 0547 04fc 04b4 0470 0431 03f4     ....G.....p.1...
    1e28:	03bc 0386 0353 0324 02f6 02cc 02a4 027e     ....S.$.......~.
    1e38:	025a 0238 0218 01fa 01de 01c3 01aa 0192     Z.8.............
    1e48:	017b 0166 0152 013f 012d 011c 010c 00fd     {.f.R.?.-.......
    1e58:	00ef 00e1 00d5 00c9 00be 00b3 00a9 009f     ................
    1e68:	0096 008e 0086 007f 0000 0000               ............

00001e74 <Uschool1>:
    1e74:	1515 3c3c 1818 3c3c 1b1b 1c3c 3c1c 3c14     ..<<..<<..<..<.<
    1e84:	3c15 3c18 3c1a 3c18 3c1b 1c1b 3c1c 3c3c     .<.<.<.<.<...<<<

00001e94 <Uschool2>:
    1e94:	1e1f 1c1d 181a 1617 1817 1b1a 3c1c 3c10     .............<.<

00001ea4 <Uschool3>:
    1ea4:	1f1f 1e1e 1d1d 1b1b 1c1c 1d1d 1e1e 1f1f     ................
    1eb4:	3c20 3c20 3c21 3c21 2323 2323 1010 1010      < <!<!<####....

00001ec4 <Uschool4>:
    1ec4:	1b1c 1d1c 1a1c 1a18 1a1c 1d1c 1a1c 0000     ................

00001ed4 <Uschool5>:
    1ed4:	1718 3c15 3c21 3c20 3c1f 3c1e 3c1d 3c1b     ...<!< <.<.<.<.<
    1ee4:	3c1c 0000                                   .<..

00001ee8 <Uschool6>:
    1ee8:	1a18 3c1c 3c15 3c17 3c18 3c19 3c1a 3c1d     ...<.<.<.<.<.<.<
    1ef8:	3c1b 0000                                   .<..

00001efc <Uschool7>:
    1efc:	1718 3c15 1815 181c 1815 181c 181a 003c     ...<..........<.

00001f0c <Uschool8>:
    1f0c:	2021 2421 2021 2421 2021 2421 2021 2421     ! !$! !$! !$! !$
    1f1c:	2021 1f21 1b1c 1518 0e10 0b0c 100e 1315     ! !.............
    1f2c:	1315 1815 1c1a 1f1e 2221 2624 1a1a 3c1c     ........!"$&...<
    1f3c:	3c1c 3c1c 1c1c 3c3c 3c3c 0000               .<.<..<<<<..

00001f48 <Uschool9>:
    1f48:	2b2d 2628 2724 2426 2627 2724 2426 2627     -+(&$'&$'&$'&$'&
    1f58:	2624 2021 1a1c 1c1c 1518 1513 181a 181a     $&! ............
    1f68:	3c13 3c15 3c15 3c18 3c13 3c15 3c13 3c18     .<.<.<.<.<.<.<.<
    1f78:	3c1a 3c1b 3c18 3c1a 3c18 3c1a 3c18 3c1b     .<.<.<.<.<.<.<.<
    1f88:	3c1c 3c1d 3c1c 0000                         .<.<.<..

00001f90 <Uschool10>:
    1f90:	1415 1415 3c17 3c18 3c18 3c19 3c1a 3c1b     .....<.<.<.<.<.<
    1fa0:	3c1c 1c21 2118 181c 1c21 2118 181c 181c     .<!..!..!..!....
    1fb0:	2321 2024 1b21 151c 1717 1919 1b1b 1b1d     !#$ !...........
    1fc0:	1d1c 2120 2423 2728 3c28 2728 2123 171c     .. !#$('(<('#!..
    1fd0:	1815 1517 1c17 2321 2324 2320 1c21 3c18     ......!#$# #!..<
    1fe0:	3c1a 181a 1a1a 3c18 3c1a 3c1c 3c18 3c18     .<.....<.<.<.<.<
    1ff0:	3c1c 3c1d 3c1f 3c21 3c23 3c24 3c26 3c27     .<.<.<!<#<$<&<'<
    2000:	3c28 3c28 3c1c 3c1c 1c1c 1c1c 1c1c 3c1c     (<(<.<.<.......<

00002010 <Lmemory1>:
    2010:	1210 1414 1210 1414 1210 1714 1012 1414     ................
    2020:	1210 1414 1210 1214 0b10 1009 0f10 1010     ................
    2030:	1210 1414 1210 1414 1210 1714 1012 1414     ................
    2040:	1717 1010 3c3c 0000                         ....<<..

00002048 <Lmemory2>:
    2048:	0904 100b 1412 1415 0b10 1009 0f10 003c     ..............<.

00002058 <Lmemory3>:
    2058:	100f 1717 1c1b 2323 100f 1717 1c1b 2323     ......##......##
    2068:	100f 1717 1c1b 2323 100f 1717 201e 3c1c     ......##..... .<
    2078:	100f 1717 1c1b 2323 100f 1717 1c1b 2323     ......##......##
    2088:	100f 1717 1c1b 2323 100f 1717 201e 2323     ......##..... ##
    2098:	2728 2323 1e20 1717 1b19 1c1c 171b 3c14     ('## ..........<

000020a8 <Lmemory4>:
    20a8:	1412 1c1c 171b 1414 1412 1c1c 201e 3c1c     ............. .<

000020b8 <Lmemory5>:
    20b8:	100f 1717 1c1b 3c23 100f 1717 1c1b 3c23     ......#<......#<
    20c8:	100f 1717 1c1b 0023                         ......#.

000020d0 <Lmemory6>:
    20d0:	2828 2828 3c3c 3c3c 2828 2828 2727 2327     ((((<<<<(((('''#
    20e0:	2323 2323 2323 2323 2828 2828 2727 2327     ########(((('''#
    20f0:	2323 2323 2323 2323 1c1c 1c1c 1c1c 231c     ########.......#
    2100:	2323 2323 2323 2323 1e1e 1e1e 1e1e 201e     ########....... 
    2110:	2020 2020 2020 2020 2828 2828 2727 2327             (((('''#
    2120:	2323 2323 2323 2323 2828 2828 2727 2327     ########(((('''#
    2130:	2323 2323 2323 2323 1c1c 1c1c 1c1c 1e1c     ########........
    2140:	1e1e 1e1e 1e1e 3c3c 1e1e 1e1e 1e1e 3c1e     ......<<.......<
    2150:	3c3c 3c3c 3c3c 3c3c 3c3c 3c3c 1210 2320     <<<<<<<<<<<<.. #
    2160:	2828 2828 2727 2327 2323 2323 2323 2323     (((('''#########
    2170:	2828 2828 2727 2327 2323 2323 2323 2323     (((('''#########
    2180:	1c1c 1c1c 1c1c 231c 2323 2323 2323 2323     .......#########
    2190:	1e1e 1e1e 1e1e 201e 2020 2020 2020 2020     .......         
    21a0:	2828 2828 2727 2327 2323 2323 2323 2323     (((('''#########
    21b0:	2828 2828 2727 2327 2323 2323 2323 2323     (((('''#########
    21c0:	1c1c 1c1c 1c1c 1e1c 1e1e 1e1e 1e1e 3c3c     ..............<<
    21d0:	1e1e 1e1e 1e1e 1c1e 1c1c 1c1c 1c1c 0000     ................

000021e0 <descriptor_list>:
    21e0:	0100 0000 22fc 0000 0012 0000 0200 0000     ....."..........
    21f0:	22c0 0000 003b 0000 2200 0000 2280 0000     ."..;...."..."..
    2200:	003f 0000 2200 0001 2240 0000 003f 0000     ?...."..@"..?...
    2210:	0300 0000 2340 0000 0004 0000 0301 0409     ....@#..........
    2220:	2330 0000 000e 0000 0302 0409 231c 0000     0#...........#..
    2230:	0012 0000 0303 0409 2310 0000 0008 0000     .........#......

00002240 <keyboard_hid_desc>:
    2240:	0105 0609 01a1 0175 0895 0705 e019 e729     ......u.......).
    2250:	0015 0125 0281 0195 0875 0381 0595 0175     ..%.....u.....u.
    2260:	0805 0119 0529 0291 0195 0375 0391 0695     ....).....u.....
    2270:	0875 0015 a725 0705 0019 a729 0081 00c0     u...%.....).....

00002280 <mouse_hid_desc>:
    2280:	0105 0909 01a1 0109 00a1 0905 0119 0329     ..............).
    2290:	0015 0125 0395 0175 0281 0195 0575 0381     ..%...u.....u...
    22a0:	0105 3009 3109 3809 8115 7f25 0875 0395     ...0.1.8..%.u...
    22b0:	0681 c0c0 01a1 aa85 ff09 00b1 0895 00c0     ................

000022c0 <config_descriptor>:
    22c0:	0209 003b 0102 8000 0964 0004 0100 0103     ..;.....d.......
    22d0:	0002 2109 0110 0100 3f22 0700 8105 0403     ...!...."?......
    22e0:	0a00 0409 0001 0301 0101 0900 1021 0001     ............!...
    22f0:	2201 003f 0507 0382 0008 000a               ."?.........

000022fc <device_descriptor>:
    22fc:	0112 0110 0000 0800 1209 c003 0002 0201     ................
    230c:	0103 0000                                   ....

00002310 <string3>:
    2310:	0308 0030 0030 0030 0000 0000               ..0.0.0.....

0000231c <string2>:
    231c:	0312 0052 0056 0030 0030 0033 0055 0053     ..R.V.0.0.3.U.S.
    232c:	0042 0000                                   B...

00002330 <string1>:
    2330:	030e 0043 004e 004c 006f 0068 0072 0000     ..C.N.L.o.h.r...

00002340 <string0>:
    2340:	0304 0409                                   ....
